[0.000000] (-) TimerEvent: {}
[0.000178] (phasespace_msgs) JobQueued: {'identifier': 'phasespace_msgs', 'dependencies': OrderedDict()}
[0.000421] (phasespace_client) JobQueued: {'identifier': 'phasespace_client', 'dependencies': OrderedDict([('phasespace_msgs', '/home/lingfan/ros2_ws/install/phasespace_msgs')])}
[0.000625] (phasespace_msgs) JobStarted: {'identifier': 'phasespace_msgs'}
[0.004799] (phasespace_msgs) JobProgress: {'identifier': 'phasespace_msgs', 'progress': 'cmake'}
[0.005103] (phasespace_msgs) Command: {'cmd': ['/usr/bin/cmake', '/home/lingfan/ros2_ws/src/phasespace_ros_node-main/phasespace_msgs', '-DAMENT_CMAKE_SYMLINK_INSTALL=1', '-DCMAKE_INSTALL_PREFIX=/home/lingfan/ros2_ws/install/phasespace_msgs'], 'cwd': '/home/lingfan/ros2_ws/build/phasespace_msgs', 'env': OrderedDict([('LESSOPEN', '| /usr/bin/lesspipe %s'), ('LANGUAGE', 'en_GB:en'), ('USER', 'lingfan'), ('XDG_SESSION_TYPE', 'x11'), ('SHLVL', '1'), ('LD_LIBRARY_PATH', '/home/lingfan/ros2_ws/install/phasespace_msgs/lib:/opt/ros/humble/opt/rviz_ogre_vendor/lib:/opt/ros/humble/lib/x86_64-linux-gnu:/opt/ros/humble/lib'), ('HOME', '/home/lingfan'), ('OLDPWD', '/home/lingfan/ros2_ws'), ('DESKTOP_SESSION', 'ubuntu'), ('ROS_PYTHON_VERSION', '3'), ('GNOME_SHELL_SESSION_MODE', 'ubuntu'), ('GTK_MODULES', 'gail:atk-bridge'), ('SYSTEMD_EXEC_PID', '4529'), ('DBUS_SESSION_BUS_ADDRESS', 'unix:path=/run/user/1002/bus'), ('COLORTERM', 'truecolor'), ('COLCON_PREFIX_PATH', '/home/lingfan/ros2_ws/install'), ('ROS_DISTRO', 'humble'), ('GTK_IM_MODULE', 'ibus'), ('LOGNAME', 'lingfan'), ('_', '/usr/bin/colcon'), ('ROS_VERSION', '2'), ('XDG_SESSION_CLASS', 'user'), ('USERNAME', 'lingfan'), ('TERM', 'xterm-256color'), ('GNOME_DESKTOP_SESSION_ID', 'this-is-deprecated'), ('ROS_LOCALHOST_ONLY', '0'), ('WINDOWPATH', '3'), ('PATH', '/opt/ros/humble/bin:/usr/local/sbin:/usr/local/bin:/usr/sbin:/usr/bin:/sbin:/bin:/usr/games:/usr/local/games:/snap/bin:/snap/bin'), ('SESSION_MANAGER', 'local/texas:@/tmp/.ICE-unix/4507,unix/texas:/tmp/.ICE-unix/4507'), ('XDG_MENU_PREFIX', 'gnome-'), ('GNOME_TERMINAL_SCREEN', '/org/gnome/Terminal/screen/414c2ff0_d99c_473a_a995_8b9d5fea2348'), ('XDG_RUNTIME_DIR', '/run/user/1002'), ('DISPLAY', ':2'), ('LANG', 'en_GB.UTF-8'), ('XDG_CURRENT_DESKTOP', 'ubuntu:GNOME'), ('XMODIFIERS', '@im=ibus'), ('XDG_SESSION_DESKTOP', 'ubuntu'), ('XAUTHORITY', '/run/user/1002/gdm/Xauthority'), ('LS_COLORS', 'rs=0:di=01;34:ln=01;36:mh=00:pi=40;33:so=01;35:do=01;35:bd=40;33;01:cd=40;33;01:or=40;31;01:mi=00:su=37;41:sg=30;43:ca=30;41:tw=30;42:ow=34;42:st=37;44:ex=01;32:*.tar=01;31:*.tgz=01;31:*.arc=01;31:*.arj=01;31:*.taz=01;31:*.lha=01;31:*.lz4=01;31:*.lzh=01;31:*.lzma=01;31:*.tlz=01;31:*.txz=01;31:*.tzo=01;31:*.t7z=01;31:*.zip=01;31:*.z=01;31:*.dz=01;31:*.gz=01;31:*.lrz=01;31:*.lz=01;31:*.lzo=01;31:*.xz=01;31:*.zst=01;31:*.tzst=01;31:*.bz2=01;31:*.bz=01;31:*.tbz=01;31:*.tbz2=01;31:*.tz=01;31:*.deb=01;31:*.rpm=01;31:*.jar=01;31:*.war=01;31:*.ear=01;31:*.sar=01;31:*.rar=01;31:*.alz=01;31:*.ace=01;31:*.zoo=01;31:*.cpio=01;31:*.7z=01;31:*.rz=01;31:*.cab=01;31:*.wim=01;31:*.swm=01;31:*.dwm=01;31:*.esd=01;31:*.jpg=01;35:*.jpeg=01;35:*.mjpg=01;35:*.mjpeg=01;35:*.gif=01;35:*.bmp=01;35:*.pbm=01;35:*.pgm=01;35:*.ppm=01;35:*.tga=01;35:*.xbm=01;35:*.xpm=01;35:*.tif=01;35:*.tiff=01;35:*.png=01;35:*.svg=01;35:*.svgz=01;35:*.mng=01;35:*.pcx=01;35:*.mov=01;35:*.mpg=01;35:*.mpeg=01;35:*.m2v=01;35:*.mkv=01;35:*.webm=01;35:*.webp=01;35:*.ogm=01;35:*.mp4=01;35:*.m4v=01;35:*.mp4v=01;35:*.vob=01;35:*.qt=01;35:*.nuv=01;35:*.wmv=01;35:*.asf=01;35:*.rm=01;35:*.rmvb=01;35:*.flc=01;35:*.avi=01;35:*.fli=01;35:*.flv=01;35:*.gl=01;35:*.dl=01;35:*.xcf=01;35:*.xwd=01;35:*.yuv=01;35:*.cgm=01;35:*.emf=01;35:*.ogv=01;35:*.ogx=01;35:*.aac=00;36:*.au=00;36:*.flac=00;36:*.m4a=00;36:*.mid=00;36:*.midi=00;36:*.mka=00;36:*.mp3=00;36:*.mpc=00;36:*.ogg=00;36:*.ra=00;36:*.wav=00;36:*.oga=00;36:*.opus=00;36:*.spx=00;36:*.xspf=00;36:'), ('GNOME_TERMINAL_SERVICE', ':1.156'), ('SSH_AGENT_LAUNCHER', 'gnome-keyring'), ('SSH_AUTH_SOCK', '/run/user/1002/keyring/ssh'), ('AMENT_PREFIX_PATH', '/home/lingfan/ros2_ws/install/phasespace_client:/home/lingfan/ros2_ws/install/phasespace_msgs:/opt/ros/humble'), ('SHELL', '/bin/bash'), ('QT_ACCESSIBILITY', '1'), ('GDMSESSION', 'ubuntu'), ('LESSCLOSE', '/usr/bin/lesspipe %s %s'), ('GPG_AGENT_INFO', '/run/user/1002/gnupg/S.gpg-agent:0:1'), ('QT_IM_MODULE', 'ibus'), ('PWD', '/home/lingfan/ros2_ws/build/phasespace_msgs'), ('XDG_CONFIG_DIRS', '/etc/xdg/xdg-ubuntu:/etc/xdg'), ('XDG_DATA_DIRS', '/usr/share/ubuntu:/usr/share/gnome:/usr/local/share/:/usr/share/:/var/lib/snapd/desktop'), ('PYTHONPATH', '/home/lingfan/ros2_ws/install/phasespace_msgs/local/lib/python3.10/dist-packages:/opt/ros/humble/lib/python3.10/site-packages:/opt/ros/humble/local/lib/python3.10/dist-packages'), ('COLCON', '1'), ('VTE_VERSION', '6800'), ('CMAKE_PREFIX_PATH', '/home/lingfan/ros2_ws/install/phasespace_client:/home/lingfan/ros2_ws/install/phasespace_msgs:/opt/ros/humble')]), 'shell': False}
[0.058986] (phasespace_msgs) StdoutLine: {'line': b'-- The C compiler identification is GNU 11.4.0\n'}
[0.098733] (-) TimerEvent: {}
[0.106272] (phasespace_msgs) StdoutLine: {'line': b'-- The CXX compiler identification is GNU 11.4.0\n'}
[0.111415] (phasespace_msgs) StdoutLine: {'line': b'-- Detecting C compiler ABI info\n'}
[0.186301] (phasespace_msgs) StdoutLine: {'line': b'-- Detecting C compiler ABI info - done\n'}
[0.195674] (phasespace_msgs) StdoutLine: {'line': b'-- Check for working C compiler: /usr/bin/cc - skipped\n'}
[0.196032] (phasespace_msgs) StdoutLine: {'line': b'-- Detecting C compile features\n'}
[0.196510] (phasespace_msgs) StdoutLine: {'line': b'-- Detecting C compile features - done\n'}
[0.198836] (-) TimerEvent: {}
[0.200026] (phasespace_msgs) StdoutLine: {'line': b'-- Detecting CXX compiler ABI info\n'}
[0.295713] (phasespace_msgs) StdoutLine: {'line': b'-- Detecting CXX compiler ABI info - done\n'}
[0.299062] (-) TimerEvent: {}
[0.301566] (phasespace_msgs) StdoutLine: {'line': b'-- Check for working CXX compiler: /usr/bin/c++ - skipped\n'}
[0.301747] (phasespace_msgs) StdoutLine: {'line': b'-- Detecting CXX compile features\n'}
[0.301879] (phasespace_msgs) StdoutLine: {'line': b'-- Detecting CXX compile features - done\n'}
[0.303214] (phasespace_msgs) StdoutLine: {'line': b'-- Found ament_cmake: 1.3.11 (/opt/ros/humble/share/ament_cmake/cmake)\n'}
[0.399189] (-) TimerEvent: {}
[0.422211] (phasespace_msgs) StdoutLine: {'line': b'-- Found Python3: /usr/bin/python3 (found version "3.10.12") found components: Interpreter \n'}
[0.467325] (phasespace_msgs) StdoutLine: {'line': b'-- Override CMake install command with custom implementation using symlinks instead of copying resources\n'}
[0.479868] (phasespace_msgs) StdoutLine: {'line': b'-- Found rosidl_default_generators: 1.2.0 (/opt/ros/humble/share/rosidl_default_generators/cmake)\n'}
[0.481514] (phasespace_msgs) StdoutLine: {'line': b'-- Using all available rosidl_typesupport_c: rosidl_typesupport_fastrtps_c;rosidl_typesupport_introspection_c\n'}
[0.484762] (phasespace_msgs) StdoutLine: {'line': b'-- Found rosidl_adapter: 3.1.6 (/opt/ros/humble/share/rosidl_adapter/cmake)\n'}
[0.499398] (-) TimerEvent: {}
[0.509695] (phasespace_msgs) StdoutLine: {'line': b'-- Using all available rosidl_typesupport_cpp: rosidl_typesupport_fastrtps_cpp;rosidl_typesupport_introspection_cpp\n'}
[0.529981] (phasespace_msgs) StdoutLine: {'line': b'-- Found std_msgs: 4.8.0 (/opt/ros/humble/share/std_msgs/cmake)\n'}
[0.599637] (-) TimerEvent: {}
[0.700043] (-) TimerEvent: {}
[0.775106] (phasespace_msgs) StdoutLine: {'line': b'-- Found ament_cmake_ros: 0.10.0 (/opt/ros/humble/share/ament_cmake_ros/cmake)\n'}
[0.800259] (-) TimerEvent: {}
[0.900567] (-) TimerEvent: {}
[0.945588] (phasespace_msgs) StdoutLine: {'line': b'-- Using all available rosidl_typesupport_c: rosidl_typesupport_fastrtps_c;rosidl_typesupport_introspection_c\n'}
[1.000788] (-) TimerEvent: {}
[1.101142] (-) TimerEvent: {}
[1.149580] (phasespace_msgs) StdoutLine: {'line': b'-- Using all available rosidl_typesupport_cpp: rosidl_typesupport_fastrtps_cpp;rosidl_typesupport_introspection_cpp\n'}
[1.172256] (phasespace_msgs) StdoutLine: {'line': b'-- Found PythonInterp: /usr/bin/python3 (found suitable version "3.10.12", minimum required is "3.6") \n'}
[1.172909] (phasespace_msgs) StdoutLine: {'line': b'-- Found python_cmake_module: 0.10.0 (/opt/ros/humble/share/python_cmake_module/cmake)\n'}
[1.190374] (phasespace_msgs) StdoutLine: {'line': b'-- Found PythonLibs: /usr/lib/x86_64-linux-gnu/libpython3.10.so (found suitable version "3.10.12", minimum required is "3.5") \n'}
[1.190538] (phasespace_msgs) StdoutLine: {'line': b'-- Using PYTHON_EXECUTABLE: /usr/bin/python3\n'}
[1.190618] (phasespace_msgs) StdoutLine: {'line': b'-- Using PYTHON_INCLUDE_DIRS: /usr/include/python3.10\n'}
[1.190693] (phasespace_msgs) StdoutLine: {'line': b'-- Using PYTHON_LIBRARIES: /usr/lib/x86_64-linux-gnu/libpython3.10.so\n'}
[1.201349] (-) TimerEvent: {}
[1.205054] (phasespace_msgs) StdoutLine: {'line': b'-- Found PythonExtra: .so  \n'}
[1.242511] (phasespace_msgs) StdoutLine: {'line': b'-- Configuring done\n'}
[1.267536] (phasespace_msgs) StdoutLine: {'line': b'-- Generating done\n'}
[1.274600] (phasespace_msgs) StdoutLine: {'line': b'-- Build files have been written to: /home/lingfan/ros2_ws/build/phasespace_msgs\n'}
[1.278230] (phasespace_msgs) CommandEnded: {'returncode': 0}
[1.279689] (phasespace_msgs) JobProgress: {'identifier': 'phasespace_msgs', 'progress': 'build'}
[1.279709] (phasespace_msgs) Command: {'cmd': ['/usr/bin/cmake', '--build', '/home/lingfan/ros2_ws/build/phasespace_msgs', '--', '-j16', '-l16'], 'cwd': '/home/lingfan/ros2_ws/build/phasespace_msgs', 'env': OrderedDict([('LESSOPEN', '| /usr/bin/lesspipe %s'), ('LANGUAGE', 'en_GB:en'), ('USER', 'lingfan'), ('XDG_SESSION_TYPE', 'x11'), ('SHLVL', '1'), ('LD_LIBRARY_PATH', '/home/lingfan/ros2_ws/install/phasespace_msgs/lib:/opt/ros/humble/opt/rviz_ogre_vendor/lib:/opt/ros/humble/lib/x86_64-linux-gnu:/opt/ros/humble/lib'), ('HOME', '/home/lingfan'), ('OLDPWD', '/home/lingfan/ros2_ws'), ('DESKTOP_SESSION', 'ubuntu'), ('ROS_PYTHON_VERSION', '3'), ('GNOME_SHELL_SESSION_MODE', 'ubuntu'), ('GTK_MODULES', 'gail:atk-bridge'), ('SYSTEMD_EXEC_PID', '4529'), ('DBUS_SESSION_BUS_ADDRESS', 'unix:path=/run/user/1002/bus'), ('COLORTERM', 'truecolor'), ('COLCON_PREFIX_PATH', '/home/lingfan/ros2_ws/install'), ('ROS_DISTRO', 'humble'), ('GTK_IM_MODULE', 'ibus'), ('LOGNAME', 'lingfan'), ('_', '/usr/bin/colcon'), ('ROS_VERSION', '2'), ('XDG_SESSION_CLASS', 'user'), ('USERNAME', 'lingfan'), ('TERM', 'xterm-256color'), ('GNOME_DESKTOP_SESSION_ID', 'this-is-deprecated'), ('ROS_LOCALHOST_ONLY', '0'), ('WINDOWPATH', '3'), ('PATH', '/opt/ros/humble/bin:/usr/local/sbin:/usr/local/bin:/usr/sbin:/usr/bin:/sbin:/bin:/usr/games:/usr/local/games:/snap/bin:/snap/bin'), ('SESSION_MANAGER', 'local/texas:@/tmp/.ICE-unix/4507,unix/texas:/tmp/.ICE-unix/4507'), ('XDG_MENU_PREFIX', 'gnome-'), ('GNOME_TERMINAL_SCREEN', '/org/gnome/Terminal/screen/414c2ff0_d99c_473a_a995_8b9d5fea2348'), ('XDG_RUNTIME_DIR', '/run/user/1002'), ('DISPLAY', ':2'), ('LANG', 'en_GB.UTF-8'), ('XDG_CURRENT_DESKTOP', 'ubuntu:GNOME'), ('XMODIFIERS', '@im=ibus'), ('XDG_SESSION_DESKTOP', 'ubuntu'), ('XAUTHORITY', '/run/user/1002/gdm/Xauthority'), ('LS_COLORS', 'rs=0:di=01;34:ln=01;36:mh=00:pi=40;33:so=01;35:do=01;35:bd=40;33;01:cd=40;33;01:or=40;31;01:mi=00:su=37;41:sg=30;43:ca=30;41:tw=30;42:ow=34;42:st=37;44:ex=01;32:*.tar=01;31:*.tgz=01;31:*.arc=01;31:*.arj=01;31:*.taz=01;31:*.lha=01;31:*.lz4=01;31:*.lzh=01;31:*.lzma=01;31:*.tlz=01;31:*.txz=01;31:*.tzo=01;31:*.t7z=01;31:*.zip=01;31:*.z=01;31:*.dz=01;31:*.gz=01;31:*.lrz=01;31:*.lz=01;31:*.lzo=01;31:*.xz=01;31:*.zst=01;31:*.tzst=01;31:*.bz2=01;31:*.bz=01;31:*.tbz=01;31:*.tbz2=01;31:*.tz=01;31:*.deb=01;31:*.rpm=01;31:*.jar=01;31:*.war=01;31:*.ear=01;31:*.sar=01;31:*.rar=01;31:*.alz=01;31:*.ace=01;31:*.zoo=01;31:*.cpio=01;31:*.7z=01;31:*.rz=01;31:*.cab=01;31:*.wim=01;31:*.swm=01;31:*.dwm=01;31:*.esd=01;31:*.jpg=01;35:*.jpeg=01;35:*.mjpg=01;35:*.mjpeg=01;35:*.gif=01;35:*.bmp=01;35:*.pbm=01;35:*.pgm=01;35:*.ppm=01;35:*.tga=01;35:*.xbm=01;35:*.xpm=01;35:*.tif=01;35:*.tiff=01;35:*.png=01;35:*.svg=01;35:*.svgz=01;35:*.mng=01;35:*.pcx=01;35:*.mov=01;35:*.mpg=01;35:*.mpeg=01;35:*.m2v=01;35:*.mkv=01;35:*.webm=01;35:*.webp=01;35:*.ogm=01;35:*.mp4=01;35:*.m4v=01;35:*.mp4v=01;35:*.vob=01;35:*.qt=01;35:*.nuv=01;35:*.wmv=01;35:*.asf=01;35:*.rm=01;35:*.rmvb=01;35:*.flc=01;35:*.avi=01;35:*.fli=01;35:*.flv=01;35:*.gl=01;35:*.dl=01;35:*.xcf=01;35:*.xwd=01;35:*.yuv=01;35:*.cgm=01;35:*.emf=01;35:*.ogv=01;35:*.ogx=01;35:*.aac=00;36:*.au=00;36:*.flac=00;36:*.m4a=00;36:*.mid=00;36:*.midi=00;36:*.mka=00;36:*.mp3=00;36:*.mpc=00;36:*.ogg=00;36:*.ra=00;36:*.wav=00;36:*.oga=00;36:*.opus=00;36:*.spx=00;36:*.xspf=00;36:'), ('GNOME_TERMINAL_SERVICE', ':1.156'), ('SSH_AGENT_LAUNCHER', 'gnome-keyring'), ('SSH_AUTH_SOCK', '/run/user/1002/keyring/ssh'), ('AMENT_PREFIX_PATH', '/home/lingfan/ros2_ws/install/phasespace_client:/home/lingfan/ros2_ws/install/phasespace_msgs:/opt/ros/humble'), ('SHELL', '/bin/bash'), ('QT_ACCESSIBILITY', '1'), ('GDMSESSION', 'ubuntu'), ('LESSCLOSE', '/usr/bin/lesspipe %s %s'), ('GPG_AGENT_INFO', '/run/user/1002/gnupg/S.gpg-agent:0:1'), ('QT_IM_MODULE', 'ibus'), ('PWD', '/home/lingfan/ros2_ws/build/phasespace_msgs'), ('XDG_CONFIG_DIRS', '/etc/xdg/xdg-ubuntu:/etc/xdg'), ('XDG_DATA_DIRS', '/usr/share/ubuntu:/usr/share/gnome:/usr/local/share/:/usr/share/:/var/lib/snapd/desktop'), ('PYTHONPATH', '/home/lingfan/ros2_ws/install/phasespace_msgs/local/lib/python3.10/dist-packages:/opt/ros/humble/lib/python3.10/site-packages:/opt/ros/humble/local/lib/python3.10/dist-packages'), ('COLCON', '1'), ('VTE_VERSION', '6800'), ('CMAKE_PREFIX_PATH', '/home/lingfan/ros2_ws/install/phasespace_client:/home/lingfan/ros2_ws/install/phasespace_msgs:/opt/ros/humble')]), 'shell': False}
[1.301434] (-) TimerEvent: {}
[1.320085] (phasespace_msgs) StdoutLine: {'line': b'[  1%] \x1b[34m\x1b[1mGenerating C code for ROS interfaces\x1b[0m\n'}
[1.330658] (phasespace_msgs) StdoutLine: {'line': b'[  2%] \x1b[34m\x1b[1mGenerating C++ code for ROS interfaces\x1b[0m\n'}
[1.338983] (phasespace_msgs) StdoutLine: {'line': b'[  2%] Built target ament_cmake_python_symlink_phasespace_msgs\n'}
[1.401511] (-) TimerEvent: {}
[1.474114] (phasespace_msgs) StdoutLine: {'line': b'running egg_info\n'}
[1.474560] (phasespace_msgs) StdoutLine: {'line': b'creating phasespace_msgs.egg-info\n'}
[1.474649] (phasespace_msgs) StdoutLine: {'line': b'writing phasespace_msgs.egg-info/PKG-INFO\n'}
[1.474794] (phasespace_msgs) StdoutLine: {'line': b'writing dependency_links to phasespace_msgs.egg-info/dependency_links.txt\n'}
[1.474864] (phasespace_msgs) StdoutLine: {'line': b'writing top-level names to phasespace_msgs.egg-info/top_level.txt\n'}
[1.474922] (phasespace_msgs) StdoutLine: {'line': b"writing manifest file 'phasespace_msgs.egg-info/SOURCES.txt'\n"}
[1.475966] (phasespace_msgs) StdoutLine: {'line': b"reading manifest file 'phasespace_msgs.egg-info/SOURCES.txt'\n"}
[1.476227] (phasespace_msgs) StdoutLine: {'line': b"writing manifest file 'phasespace_msgs.egg-info/SOURCES.txt'\n"}
[1.492642] (phasespace_msgs) StdoutLine: {'line': b'[  2%] Built target ament_cmake_python_build_phasespace_msgs_egg\n'}
[1.501572] (-) TimerEvent: {}
[1.601785] (-) TimerEvent: {}
[1.636603] (phasespace_msgs) StdoutLine: {'line': b'[  7%] \x1b[32mBuilding C object CMakeFiles/phasespace_msgs__rosidl_generator_c.dir/rosidl_generator_c/phasespace_msgs/msg/detail/marker__functions.c.o\x1b[0m\n'}
[1.636805] (phasespace_msgs) StdoutLine: {'line': b'[  7%] \x1b[32mBuilding C object CMakeFiles/phasespace_msgs__rosidl_generator_c.dir/rosidl_generator_c/phasespace_msgs/msg/detail/rigid__functions.c.o\x1b[0m\n'}
[1.636934] (phasespace_msgs) StdoutLine: {'line': b'[  7%] \x1b[32mBuilding C object CMakeFiles/phasespace_msgs__rosidl_generator_c.dir/rosidl_generator_c/phasespace_msgs/msg/detail/cameras__functions.c.o\x1b[0m\n'}
[1.636995] (phasespace_msgs) StdoutLine: {'line': b'[  8%] \x1b[32mBuilding C object CMakeFiles/phasespace_msgs__rosidl_generator_c.dir/rosidl_generator_c/phasespace_msgs/msg/detail/rigids__functions.c.o\x1b[0m\n'}
[1.637050] (phasespace_msgs) StdoutLine: {'line': b'[  9%] \x1b[32mBuilding C object CMakeFiles/phasespace_msgs__rosidl_generator_c.dir/rosidl_generator_c/phasespace_msgs/msg/detail/markers__functions.c.o\x1b[0m\n'}
[1.637109] (phasespace_msgs) StdoutLine: {'line': b'[ 11%] \x1b[32mBuilding C object CMakeFiles/phasespace_msgs__rosidl_generator_c.dir/rosidl_generator_c/phasespace_msgs/msg/detail/camera__functions.c.o\x1b[0m\n'}
[1.661383] (phasespace_msgs) StdoutLine: {'line': b'[ 11%] Built target phasespace_msgs__cpp\n'}
[1.672081] (phasespace_msgs) StdoutLine: {'line': b'[ 14%] \x1b[34m\x1b[1mGenerating C++ introspection for ROS interfaces\x1b[0m\n'}
[1.672270] (phasespace_msgs) StdoutLine: {'line': b'[ 14%] \x1b[34m\x1b[1mGenerating C++ type support dispatch for ROS interfaces\x1b[0m\n'}
[1.672358] (phasespace_msgs) StdoutLine: {'line': b'[ 15%] \x1b[34m\x1b[1mGenerating C++ type support for eProsima Fast-RTPS\x1b[0m\n'}
[1.701973] (-) TimerEvent: {}
[1.714349] (phasespace_msgs) StdoutLine: {'line': b'[ 16%] \x1b[32m\x1b[1mLinking C shared library libphasespace_msgs__rosidl_generator_c.so\x1b[0m\n'}
[1.746470] (phasespace_msgs) StdoutLine: {'line': b'[ 16%] Built target phasespace_msgs__rosidl_generator_c\n'}
[1.753486] (phasespace_msgs) StdoutLine: {'line': b'[ 18%] \x1b[34m\x1b[1mGenerating C type support dispatch for ROS interfaces\x1b[0m\n'}
[1.753804] (phasespace_msgs) StdoutLine: {'line': b'[ 19%] \x1b[34m\x1b[1mGenerating C type support for eProsima Fast-RTPS\x1b[0m\n'}
[1.755309] (phasespace_msgs) StdoutLine: {'line': b'[ 21%] \x1b[34m\x1b[1mGenerating C introspection for ROS interfaces\x1b[0m\n'}
[1.802105] (-) TimerEvent: {}
[1.889930] (phasespace_msgs) StdoutLine: {'line': b'[ 22%] \x1b[32mBuilding CXX object CMakeFiles/phasespace_msgs__rosidl_typesupport_cpp.dir/rosidl_typesupport_cpp/phasespace_msgs/msg/marker__type_support.cpp.o\x1b[0m\n'}
[1.891728] (phasespace_msgs) StdoutLine: {'line': b'[ 23%] \x1b[32mBuilding CXX object CMakeFiles/phasespace_msgs__rosidl_typesupport_cpp.dir/rosidl_typesupport_cpp/phasespace_msgs/msg/rigid__type_support.cpp.o\x1b[0m\n'}
[1.891905] (phasespace_msgs) StdoutLine: {'line': b'[ 25%] \x1b[32mBuilding CXX object CMakeFiles/phasespace_msgs__rosidl_typesupport_cpp.dir/rosidl_typesupport_cpp/phasespace_msgs/msg/rigids__type_support.cpp.o\x1b[0m\n'}
[1.892204] (phasespace_msgs) StdoutLine: {'line': b'[ 28%] \x1b[32mBuilding CXX object CMakeFiles/phasespace_msgs__rosidl_typesupport_cpp.dir/rosidl_typesupport_cpp/phasespace_msgs/msg/camera__type_support.cpp.o\x1b[0m\n'}
[1.892310] (phasespace_msgs) StdoutLine: {'line': b'[ 28%] \x1b[32mBuilding CXX object CMakeFiles/phasespace_msgs__rosidl_typesupport_cpp.dir/rosidl_typesupport_cpp/phasespace_msgs/msg/cameras__type_support.cpp.o\x1b[0m\n'}
[1.893002] (phasespace_msgs) StdoutLine: {'line': b'[ 29%] \x1b[32mBuilding CXX object CMakeFiles/phasespace_msgs__rosidl_typesupport_cpp.dir/rosidl_typesupport_cpp/phasespace_msgs/msg/markers__type_support.cpp.o\x1b[0m\n'}
[1.904343] (-) TimerEvent: {}
[1.927119] (phasespace_msgs) StdoutLine: {'line': b'[ 33%] \x1b[32mBuilding CXX object CMakeFiles/phasespace_msgs__rosidl_typesupport_introspection_cpp.dir/rosidl_typesupport_introspection_cpp/phasespace_msgs/msg/detail/marker__type_support.cpp.o\x1b[0m\n'}
[1.927367] (phasespace_msgs) StdoutLine: {'line': b'[ 33%] \x1b[32mBuilding CXX object CMakeFiles/phasespace_msgs__rosidl_typesupport_introspection_cpp.dir/rosidl_typesupport_introspection_cpp/phasespace_msgs/msg/detail/rigid__type_support.cpp.o\x1b[0m\n'}
[1.927470] (phasespace_msgs) StdoutLine: {'line': b'[ 33%] \x1b[32mBuilding CXX object CMakeFiles/phasespace_msgs__rosidl_typesupport_introspection_cpp.dir/rosidl_typesupport_introspection_cpp/phasespace_msgs/msg/detail/cameras__type_support.cpp.o\x1b[0m\n'}
[1.927557] (phasespace_msgs) StdoutLine: {'line': b'[ 35%] \x1b[32mBuilding CXX object CMakeFiles/phasespace_msgs__rosidl_typesupport_introspection_cpp.dir/rosidl_typesupport_introspection_cpp/phasespace_msgs/msg/detail/markers__type_support.cpp.o\x1b[0m\n'}
[1.927639] (phasespace_msgs) StdoutLine: {'line': b'[ 36%] \x1b[32mBuilding CXX object CMakeFiles/phasespace_msgs__rosidl_typesupport_introspection_cpp.dir/rosidl_typesupport_introspection_cpp/phasespace_msgs/msg/detail/rigids__type_support.cpp.o\x1b[0m\n'}
[1.928482] (phasespace_msgs) StdoutLine: {'line': b'[ 38%] \x1b[32mBuilding CXX object CMakeFiles/phasespace_msgs__rosidl_typesupport_introspection_cpp.dir/rosidl_typesupport_introspection_cpp/phasespace_msgs/msg/detail/camera__type_support.cpp.o\x1b[0m\n'}
[2.005345] (-) TimerEvent: {}
[2.055399] (phasespace_msgs) StdoutLine: {'line': b'[ 39%] \x1b[32mBuilding CXX object CMakeFiles/phasespace_msgs__rosidl_typesupport_fastrtps_cpp.dir/rosidl_typesupport_fastrtps_cpp/phasespace_msgs/msg/detail/dds_fastrtps/camera__type_support.cpp.o\x1b[0m\n'}
[2.060369] (phasespace_msgs) StdoutLine: {'line': b'[ 40%] \x1b[32mBuilding CXX object CMakeFiles/phasespace_msgs__rosidl_typesupport_c.dir/rosidl_typesupport_c/phasespace_msgs/msg/camera__type_support.cpp.o\x1b[0m\n'}
[2.091495] (phasespace_msgs) StdoutLine: {'line': b'[ 42%] \x1b[32mBuilding CXX object CMakeFiles/phasespace_msgs__rosidl_typesupport_c.dir/rosidl_typesupport_c/phasespace_msgs/msg/cameras__type_support.cpp.o\x1b[0m\n'}
[2.109361] (-) TimerEvent: {}
[2.125832] (phasespace_msgs) StdoutLine: {'line': b'[ 43%] \x1b[32mBuilding CXX object CMakeFiles/phasespace_msgs__rosidl_typesupport_c.dir/rosidl_typesupport_c/phasespace_msgs/msg/marker__type_support.cpp.o\x1b[0m\n'}
[2.157197] (phasespace_msgs) StdoutLine: {'line': b'[ 45%] \x1b[32mBuilding CXX object CMakeFiles/phasespace_msgs__rosidl_typesupport_c.dir/rosidl_typesupport_c/phasespace_msgs/msg/markers__type_support.cpp.o\x1b[0m\n'}
[2.166631] (phasespace_msgs) StdoutLine: {'line': b'[ 46%] \x1b[32mBuilding CXX object CMakeFiles/phasespace_msgs__rosidl_typesupport_fastrtps_cpp.dir/rosidl_typesupport_fastrtps_cpp/phasespace_msgs/msg/detail/dds_fastrtps/cameras__type_support.cpp.o\x1b[0m\n'}
[2.168823] (phasespace_msgs) StdoutLine: {'line': b'[ 47%] \x1b[32mBuilding CXX object CMakeFiles/phasespace_msgs__rosidl_typesupport_fastrtps_cpp.dir/rosidl_typesupport_fastrtps_cpp/phasespace_msgs/msg/detail/dds_fastrtps/marker__type_support.cpp.o\x1b[0m\n'}
[2.169037] (phasespace_msgs) StdoutLine: {'line': b'[ 49%] \x1b[32mBuilding C object CMakeFiles/phasespace_msgs__rosidl_typesupport_introspection_c.dir/rosidl_typesupport_introspection_c/phasespace_msgs/msg/detail/camera__type_support.c.o\x1b[0m\n'}
[2.181745] (phasespace_msgs) StdoutLine: {'line': b'[ 50%] \x1b[32mBuilding CXX object CMakeFiles/phasespace_msgs__rosidl_typesupport_c.dir/rosidl_typesupport_c/phasespace_msgs/msg/rigid__type_support.cpp.o\x1b[0m\n'}
[2.185825] (phasespace_msgs) StdoutLine: {'line': b'[ 52%] \x1b[32mBuilding CXX object CMakeFiles/phasespace_msgs__rosidl_typesupport_fastrtps_cpp.dir/rosidl_typesupport_fastrtps_cpp/phasespace_msgs/msg/detail/dds_fastrtps/markers__type_support.cpp.o\x1b[0m\n'}
[2.193764] (phasespace_msgs) StdoutLine: {'line': b'[ 53%] \x1b[32mBuilding C object CMakeFiles/phasespace_msgs__rosidl_typesupport_introspection_c.dir/rosidl_typesupport_introspection_c/phasespace_msgs/msg/detail/cameras__type_support.c.o\x1b[0m\n'}
[2.205157] (phasespace_msgs) StdoutLine: {'line': b'[ 54%] \x1b[32mBuilding CXX object CMakeFiles/phasespace_msgs__rosidl_typesupport_fastrtps_cpp.dir/rosidl_typesupport_fastrtps_cpp/phasespace_msgs/msg/detail/dds_fastrtps/rigid__type_support.cpp.o\x1b[0m\n'}
[2.209469] (-) TimerEvent: {}
[2.215430] (phasespace_msgs) StdoutLine: {'line': b'[ 56%] \x1b[32mBuilding CXX object CMakeFiles/phasespace_msgs__rosidl_typesupport_c.dir/rosidl_typesupport_c/phasespace_msgs/msg/rigids__type_support.cpp.o\x1b[0m\n'}
[2.222392] (phasespace_msgs) StdoutLine: {'line': b'[ 57%] \x1b[32mBuilding CXX object CMakeFiles/phasespace_msgs__rosidl_typesupport_fastrtps_c.dir/rosidl_typesupport_fastrtps_c/phasespace_msgs/msg/detail/camera__type_support_c.cpp.o\x1b[0m\n'}
[2.224745] (phasespace_msgs) StdoutLine: {'line': b'[ 59%] \x1b[32mBuilding C object CMakeFiles/phasespace_msgs__rosidl_typesupport_introspection_c.dir/rosidl_typesupport_introspection_c/phasespace_msgs/msg/detail/marker__type_support.c.o\x1b[0m\n'}
[2.244416] (phasespace_msgs) StdoutLine: {'line': b'[ 60%] \x1b[32mBuilding CXX object CMakeFiles/phasespace_msgs__rosidl_typesupport_fastrtps_c.dir/rosidl_typesupport_fastrtps_c/phasespace_msgs/msg/detail/cameras__type_support_c.cpp.o\x1b[0m\n'}
[2.249634] (phasespace_msgs) StdoutLine: {'line': b'[ 61%] \x1b[32m\x1b[1mLinking CXX shared library libphasespace_msgs__rosidl_typesupport_c.so\x1b[0m\n'}
[2.263776] (phasespace_msgs) StdoutLine: {'line': b'[ 63%] \x1b[32mBuilding C object CMakeFiles/phasespace_msgs__rosidl_typesupport_introspection_c.dir/rosidl_typesupport_introspection_c/phasespace_msgs/msg/detail/markers__type_support.c.o\x1b[0m\n'}
[2.269209] (phasespace_msgs) StdoutLine: {'line': b'[ 64%] \x1b[32m\x1b[1mLinking CXX shared library libphasespace_msgs__rosidl_typesupport_cpp.so\x1b[0m\n'}
[2.296671] (phasespace_msgs) StdoutLine: {'line': b'[ 64%] Built target phasespace_msgs__rosidl_typesupport_c\n'}
[2.306430] (phasespace_msgs) StdoutLine: {'line': b'[ 66%] \x1b[32mBuilding C object CMakeFiles/phasespace_msgs__rosidl_typesupport_introspection_c.dir/rosidl_typesupport_introspection_c/phasespace_msgs/msg/detail/rigid__type_support.c.o\x1b[0m\n'}
[2.308031] (phasespace_msgs) StdoutLine: {'line': b'[ 67%] \x1b[32mBuilding CXX object CMakeFiles/phasespace_msgs__rosidl_typesupport_fastrtps_cpp.dir/rosidl_typesupport_fastrtps_cpp/phasespace_msgs/msg/detail/dds_fastrtps/rigids__type_support.cpp.o\x1b[0m\n'}
[2.309560] (-) TimerEvent: {}
[2.310451] (phasespace_msgs) StdoutLine: {'line': b'[ 69%] \x1b[32mBuilding C object CMakeFiles/phasespace_msgs__rosidl_typesupport_introspection_c.dir/rosidl_typesupport_introspection_c/phasespace_msgs/msg/detail/rigids__type_support.c.o\x1b[0m\n'}
[2.318744] (phasespace_msgs) StdoutLine: {'line': b'[ 69%] Built target phasespace_msgs__rosidl_typesupport_cpp\n'}
[2.323306] (phasespace_msgs) StdoutLine: {'line': b'[ 70%] \x1b[32mBuilding CXX object CMakeFiles/phasespace_msgs__rosidl_typesupport_fastrtps_c.dir/rosidl_typesupport_fastrtps_c/phasespace_msgs/msg/detail/marker__type_support_c.cpp.o\x1b[0m\n'}
[2.325846] (phasespace_msgs) StdoutLine: {'line': b'[ 71%] \x1b[32mBuilding CXX object CMakeFiles/phasespace_msgs__rosidl_typesupport_fastrtps_c.dir/rosidl_typesupport_fastrtps_c/phasespace_msgs/msg/detail/markers__type_support_c.cpp.o\x1b[0m\n'}
[2.332162] (phasespace_msgs) StdoutLine: {'line': b'[ 73%] \x1b[32mBuilding CXX object CMakeFiles/phasespace_msgs__rosidl_typesupport_fastrtps_c.dir/rosidl_typesupport_fastrtps_c/phasespace_msgs/msg/detail/rigid__type_support_c.cpp.o\x1b[0m\n'}
[2.347194] (phasespace_msgs) StdoutLine: {'line': b'[ 74%] \x1b[32mBuilding CXX object CMakeFiles/phasespace_msgs__rosidl_typesupport_fastrtps_c.dir/rosidl_typesupport_fastrtps_c/phasespace_msgs/msg/detail/rigids__type_support_c.cpp.o\x1b[0m\n'}
[2.359357] (phasespace_msgs) StdoutLine: {'line': b'[ 76%] \x1b[32m\x1b[1mLinking C shared library libphasespace_msgs__rosidl_typesupport_introspection_c.so\x1b[0m\n'}
[2.386435] (phasespace_msgs) StdoutLine: {'line': b'[ 76%] Built target phasespace_msgs__rosidl_typesupport_introspection_c\n'}
[2.408246] (phasespace_msgs) StdoutLine: {'line': b'[ 77%] \x1b[32m\x1b[1mLinking CXX shared library libphasespace_msgs__rosidl_typesupport_introspection_cpp.so\x1b[0m\n'}
[2.409649] (-) TimerEvent: {}
[2.473503] (phasespace_msgs) StdoutLine: {'line': b'[ 77%] Built target phasespace_msgs__rosidl_typesupport_introspection_cpp\n'}
[2.509759] (-) TimerEvent: {}
[2.610036] (-) TimerEvent: {}
[2.689129] (phasespace_msgs) StdoutLine: {'line': b'[ 78%] \x1b[32m\x1b[1mLinking CXX shared library libphasespace_msgs__rosidl_typesupport_fastrtps_c.so\x1b[0m\n'}
[2.710160] (-) TimerEvent: {}
[2.727603] (phasespace_msgs) StdoutLine: {'line': b'[ 80%] \x1b[32m\x1b[1mLinking CXX shared library libphasespace_msgs__rosidl_typesupport_fastrtps_cpp.so\x1b[0m\n'}
[2.750739] (phasespace_msgs) StdoutLine: {'line': b'[ 80%] Built target phasespace_msgs__rosidl_typesupport_fastrtps_c\n'}
[2.786022] (phasespace_msgs) StdoutLine: {'line': b'[ 80%] Built target phasespace_msgs__rosidl_typesupport_fastrtps_cpp\n'}
[2.803638] (phasespace_msgs) StdoutLine: {'line': b'[ 80%] Built target phasespace_msgs\n'}
[2.810304] (-) TimerEvent: {}
[2.820901] (phasespace_msgs) StdoutLine: {'line': b'[ 81%] \x1b[34m\x1b[1mGenerating Python code for ROS interfaces\x1b[0m\n'}
[2.910436] (-) TimerEvent: {}
[3.010748] (-) TimerEvent: {}
[3.110989] (-) TimerEvent: {}
[3.211235] (-) TimerEvent: {}
[3.287170] (phasespace_msgs) StdoutLine: {'line': b'[ 81%] Built target phasespace_msgs__py\n'}
[3.309990] (phasespace_msgs) StdoutLine: {'line': b'[ 83%] \x1b[32mBuilding C object CMakeFiles/phasespace_msgs__rosidl_generator_py.dir/rosidl_generator_py/phasespace_msgs/msg/_marker_s.c.o\x1b[0m\n'}
[3.310882] (phasespace_msgs) StdoutLine: {'line': b'[ 84%] \x1b[32mBuilding C object CMakeFiles/phasespace_msgs__rosidl_generator_py.dir/rosidl_generator_py/phasespace_msgs/msg/_markers_s.c.o\x1b[0m\n'}
[3.311342] (-) TimerEvent: {}
[3.311773] (phasespace_msgs) StdoutLine: {'line': b'[ 85%] \x1b[32mBuilding C object CMakeFiles/phasespace_msgs__rosidl_generator_py.dir/rosidl_generator_py/phasespace_msgs/msg/_rigid_s.c.o\x1b[0m\n'}
[3.312112] (phasespace_msgs) StdoutLine: {'line': b'[ 87%] \x1b[32mBuilding C object CMakeFiles/phasespace_msgs__rosidl_generator_py.dir/rosidl_generator_py/phasespace_msgs/msg/_cameras_s.c.o\x1b[0m\n'}
[3.312524] (phasespace_msgs) StdoutLine: {'line': b'[ 88%] \x1b[32mBuilding C object CMakeFiles/phasespace_msgs__rosidl_generator_py.dir/rosidl_generator_py/phasespace_msgs/msg/_rigids_s.c.o\x1b[0m\n'}
[3.314449] (phasespace_msgs) StdoutLine: {'line': b'[ 90%] \x1b[32mBuilding C object CMakeFiles/phasespace_msgs__rosidl_generator_py.dir/rosidl_generator_py/phasespace_msgs/msg/_camera_s.c.o\x1b[0m\n'}
[3.411466] (-) TimerEvent: {}
[3.452453] (phasespace_msgs) StdoutLine: {'line': b'[ 91%] \x1b[32m\x1b[1mLinking C shared library rosidl_generator_py/phasespace_msgs/libphasespace_msgs__rosidl_generator_py.so\x1b[0m\n'}
[3.483344] (phasespace_msgs) StdoutLine: {'line': b'[ 91%] Built target phasespace_msgs__rosidl_generator_py\n'}
[3.504904] (phasespace_msgs) StdoutLine: {'line': b'[ 92%] \x1b[32mBuilding C object CMakeFiles/phasespace_msgs__rosidl_typesupport_fastrtps_c__pyext.dir/rosidl_generator_py/phasespace_msgs/_phasespace_msgs_s.ep.rosidl_typesupport_fastrtps_c.c.o\x1b[0m\n'}
[3.505513] (phasespace_msgs) StdoutLine: {'line': b'[ 94%] \x1b[32mBuilding C object CMakeFiles/phasespace_msgs__rosidl_typesupport_introspection_c__pyext.dir/rosidl_generator_py/phasespace_msgs/_phasespace_msgs_s.ep.rosidl_typesupport_introspection_c.c.o\x1b[0m\n'}
[3.506375] (phasespace_msgs) StdoutLine: {'line': b'[ 95%] \x1b[32mBuilding C object CMakeFiles/phasespace_msgs__rosidl_typesupport_c__pyext.dir/rosidl_generator_py/phasespace_msgs/_phasespace_msgs_s.ep.rosidl_typesupport_c.c.o\x1b[0m\n'}
[3.511570] (-) TimerEvent: {}
[3.611937] (-) TimerEvent: {}
[3.619448] (phasespace_msgs) StdoutLine: {'line': b'[ 98%] \x1b[32m\x1b[1mLinking C shared library rosidl_generator_py/phasespace_msgs/phasespace_msgs_s__rosidl_typesupport_fastrtps_c.cpython-310-x86_64-linux-gnu.so\x1b[0m\n'}
[3.619642] (phasespace_msgs) StdoutLine: {'line': b'[ 98%] \x1b[32m\x1b[1mLinking C shared library rosidl_generator_py/phasespace_msgs/phasespace_msgs_s__rosidl_typesupport_c.cpython-310-x86_64-linux-gnu.so\x1b[0m\n'}
[3.626097] (phasespace_msgs) StdoutLine: {'line': b'[100%] \x1b[32m\x1b[1mLinking C shared library rosidl_generator_py/phasespace_msgs/phasespace_msgs_s__rosidl_typesupport_introspection_c.cpython-310-x86_64-linux-gnu.so\x1b[0m\n'}
[3.645772] (phasespace_msgs) StdoutLine: {'line': b'[100%] Built target phasespace_msgs__rosidl_typesupport_fastrtps_c__pyext\n'}
[3.646444] (phasespace_msgs) StdoutLine: {'line': b'[100%] Built target phasespace_msgs__rosidl_typesupport_c__pyext\n'}
[3.656043] (phasespace_msgs) StdoutLine: {'line': b'[100%] Built target phasespace_msgs__rosidl_typesupport_introspection_c__pyext\n'}
[3.668639] (phasespace_msgs) CommandEnded: {'returncode': 0}
[3.669612] (phasespace_msgs) JobProgress: {'identifier': 'phasespace_msgs', 'progress': 'install'}
[3.680883] (phasespace_msgs) Command: {'cmd': ['/usr/bin/cmake', '--install', '/home/lingfan/ros2_ws/build/phasespace_msgs'], 'cwd': '/home/lingfan/ros2_ws/build/phasespace_msgs', 'env': OrderedDict([('LESSOPEN', '| /usr/bin/lesspipe %s'), ('LANGUAGE', 'en_GB:en'), ('USER', 'lingfan'), ('XDG_SESSION_TYPE', 'x11'), ('SHLVL', '1'), ('LD_LIBRARY_PATH', '/home/lingfan/ros2_ws/install/phasespace_msgs/lib:/opt/ros/humble/opt/rviz_ogre_vendor/lib:/opt/ros/humble/lib/x86_64-linux-gnu:/opt/ros/humble/lib'), ('HOME', '/home/lingfan'), ('OLDPWD', '/home/lingfan/ros2_ws'), ('DESKTOP_SESSION', 'ubuntu'), ('ROS_PYTHON_VERSION', '3'), ('GNOME_SHELL_SESSION_MODE', 'ubuntu'), ('GTK_MODULES', 'gail:atk-bridge'), ('SYSTEMD_EXEC_PID', '4529'), ('DBUS_SESSION_BUS_ADDRESS', 'unix:path=/run/user/1002/bus'), ('COLORTERM', 'truecolor'), ('COLCON_PREFIX_PATH', '/home/lingfan/ros2_ws/install'), ('ROS_DISTRO', 'humble'), ('GTK_IM_MODULE', 'ibus'), ('LOGNAME', 'lingfan'), ('_', '/usr/bin/colcon'), ('ROS_VERSION', '2'), ('XDG_SESSION_CLASS', 'user'), ('USERNAME', 'lingfan'), ('TERM', 'xterm-256color'), ('GNOME_DESKTOP_SESSION_ID', 'this-is-deprecated'), ('ROS_LOCALHOST_ONLY', '0'), ('WINDOWPATH', '3'), ('PATH', '/opt/ros/humble/bin:/usr/local/sbin:/usr/local/bin:/usr/sbin:/usr/bin:/sbin:/bin:/usr/games:/usr/local/games:/snap/bin:/snap/bin'), ('SESSION_MANAGER', 'local/texas:@/tmp/.ICE-unix/4507,unix/texas:/tmp/.ICE-unix/4507'), ('XDG_MENU_PREFIX', 'gnome-'), ('GNOME_TERMINAL_SCREEN', '/org/gnome/Terminal/screen/414c2ff0_d99c_473a_a995_8b9d5fea2348'), ('XDG_RUNTIME_DIR', '/run/user/1002'), ('DISPLAY', ':2'), ('LANG', 'en_GB.UTF-8'), ('XDG_CURRENT_DESKTOP', 'ubuntu:GNOME'), ('XMODIFIERS', '@im=ibus'), ('XDG_SESSION_DESKTOP', 'ubuntu'), ('XAUTHORITY', '/run/user/1002/gdm/Xauthority'), ('LS_COLORS', 'rs=0:di=01;34:ln=01;36:mh=00:pi=40;33:so=01;35:do=01;35:bd=40;33;01:cd=40;33;01:or=40;31;01:mi=00:su=37;41:sg=30;43:ca=30;41:tw=30;42:ow=34;42:st=37;44:ex=01;32:*.tar=01;31:*.tgz=01;31:*.arc=01;31:*.arj=01;31:*.taz=01;31:*.lha=01;31:*.lz4=01;31:*.lzh=01;31:*.lzma=01;31:*.tlz=01;31:*.txz=01;31:*.tzo=01;31:*.t7z=01;31:*.zip=01;31:*.z=01;31:*.dz=01;31:*.gz=01;31:*.lrz=01;31:*.lz=01;31:*.lzo=01;31:*.xz=01;31:*.zst=01;31:*.tzst=01;31:*.bz2=01;31:*.bz=01;31:*.tbz=01;31:*.tbz2=01;31:*.tz=01;31:*.deb=01;31:*.rpm=01;31:*.jar=01;31:*.war=01;31:*.ear=01;31:*.sar=01;31:*.rar=01;31:*.alz=01;31:*.ace=01;31:*.zoo=01;31:*.cpio=01;31:*.7z=01;31:*.rz=01;31:*.cab=01;31:*.wim=01;31:*.swm=01;31:*.dwm=01;31:*.esd=01;31:*.jpg=01;35:*.jpeg=01;35:*.mjpg=01;35:*.mjpeg=01;35:*.gif=01;35:*.bmp=01;35:*.pbm=01;35:*.pgm=01;35:*.ppm=01;35:*.tga=01;35:*.xbm=01;35:*.xpm=01;35:*.tif=01;35:*.tiff=01;35:*.png=01;35:*.svg=01;35:*.svgz=01;35:*.mng=01;35:*.pcx=01;35:*.mov=01;35:*.mpg=01;35:*.mpeg=01;35:*.m2v=01;35:*.mkv=01;35:*.webm=01;35:*.webp=01;35:*.ogm=01;35:*.mp4=01;35:*.m4v=01;35:*.mp4v=01;35:*.vob=01;35:*.qt=01;35:*.nuv=01;35:*.wmv=01;35:*.asf=01;35:*.rm=01;35:*.rmvb=01;35:*.flc=01;35:*.avi=01;35:*.fli=01;35:*.flv=01;35:*.gl=01;35:*.dl=01;35:*.xcf=01;35:*.xwd=01;35:*.yuv=01;35:*.cgm=01;35:*.emf=01;35:*.ogv=01;35:*.ogx=01;35:*.aac=00;36:*.au=00;36:*.flac=00;36:*.m4a=00;36:*.mid=00;36:*.midi=00;36:*.mka=00;36:*.mp3=00;36:*.mpc=00;36:*.ogg=00;36:*.ra=00;36:*.wav=00;36:*.oga=00;36:*.opus=00;36:*.spx=00;36:*.xspf=00;36:'), ('GNOME_TERMINAL_SERVICE', ':1.156'), ('SSH_AGENT_LAUNCHER', 'gnome-keyring'), ('SSH_AUTH_SOCK', '/run/user/1002/keyring/ssh'), ('AMENT_PREFIX_PATH', '/home/lingfan/ros2_ws/install/phasespace_client:/home/lingfan/ros2_ws/install/phasespace_msgs:/opt/ros/humble'), ('SHELL', '/bin/bash'), ('QT_ACCESSIBILITY', '1'), ('GDMSESSION', 'ubuntu'), ('LESSCLOSE', '/usr/bin/lesspipe %s %s'), ('GPG_AGENT_INFO', '/run/user/1002/gnupg/S.gpg-agent:0:1'), ('QT_IM_MODULE', 'ibus'), ('PWD', '/home/lingfan/ros2_ws/build/phasespace_msgs'), ('XDG_CONFIG_DIRS', '/etc/xdg/xdg-ubuntu:/etc/xdg'), ('XDG_DATA_DIRS', '/usr/share/ubuntu:/usr/share/gnome:/usr/local/share/:/usr/share/:/var/lib/snapd/desktop'), ('PYTHONPATH', '/home/lingfan/ros2_ws/install/phasespace_msgs/local/lib/python3.10/dist-packages:/opt/ros/humble/lib/python3.10/site-packages:/opt/ros/humble/local/lib/python3.10/dist-packages'), ('COLCON', '1'), ('VTE_VERSION', '6800'), ('CMAKE_PREFIX_PATH', '/home/lingfan/ros2_ws/install/phasespace_client:/home/lingfan/ros2_ws/install/phasespace_msgs:/opt/ros/humble')]), 'shell': False}
[3.690795] (phasespace_msgs) StdoutLine: {'line': b'-- Install configuration: "Release"\n'}
[3.691671] (phasespace_msgs) StdoutLine: {'line': b'-- Execute custom install script\n'}
[3.692006] (phasespace_msgs) StdoutLine: {'line': b'-- Symlinking: /home/lingfan/ros2_ws/install/phasespace_msgs/share/ament_index/resource_index/rosidl_interfaces/phasespace_msgs\n'}
[3.703252] (phasespace_msgs) StdoutLine: {'line': b'-- Symlinking: /home/lingfan/ros2_ws/install/phasespace_msgs/include/phasespace_msgs/phasespace_msgs/msg/camera.h\n'}
[3.712036] (-) TimerEvent: {}
[3.713276] (phasespace_msgs) StdoutLine: {'line': b'-- Symlinking: /home/lingfan/ros2_ws/install/phasespace_msgs/include/phasespace_msgs/phasespace_msgs/msg/cameras.h\n'}
[3.721304] (phasespace_msgs) StdoutLine: {'line': b'-- Symlinking: /home/lingfan/ros2_ws/install/phasespace_msgs/include/phasespace_msgs/phasespace_msgs/msg/detail/camera__functions.h\n'}
[3.730586] (phasespace_msgs) StdoutLine: {'line': b'-- Symlinking: /home/lingfan/ros2_ws/install/phasespace_msgs/include/phasespace_msgs/phasespace_msgs/msg/detail/camera__struct.h\n'}
[3.740028] (phasespace_msgs) StdoutLine: {'line': b'-- Symlinking: /home/lingfan/ros2_ws/install/phasespace_msgs/include/phasespace_msgs/phasespace_msgs/msg/detail/camera__type_support.h\n'}
[3.749434] (phasespace_msgs) StdoutLine: {'line': b'-- Symlinking: /home/lingfan/ros2_ws/install/phasespace_msgs/include/phasespace_msgs/phasespace_msgs/msg/detail/cameras__functions.h\n'}
[3.759632] (phasespace_msgs) StdoutLine: {'line': b'-- Symlinking: /home/lingfan/ros2_ws/install/phasespace_msgs/include/phasespace_msgs/phasespace_msgs/msg/detail/cameras__struct.h\n'}
[3.769565] (phasespace_msgs) StdoutLine: {'line': b'-- Symlinking: /home/lingfan/ros2_ws/install/phasespace_msgs/include/phasespace_msgs/phasespace_msgs/msg/detail/cameras__type_support.h\n'}
[3.778478] (phasespace_msgs) StdoutLine: {'line': b'-- Symlinking: /home/lingfan/ros2_ws/install/phasespace_msgs/include/phasespace_msgs/phasespace_msgs/msg/detail/marker__functions.h\n'}
[3.788696] (phasespace_msgs) StdoutLine: {'line': b'-- Symlinking: /home/lingfan/ros2_ws/install/phasespace_msgs/include/phasespace_msgs/phasespace_msgs/msg/detail/marker__struct.h\n'}
[3.798790] (phasespace_msgs) StdoutLine: {'line': b'-- Symlinking: /home/lingfan/ros2_ws/install/phasespace_msgs/include/phasespace_msgs/phasespace_msgs/msg/detail/marker__type_support.h\n'}
[3.808459] (phasespace_msgs) StdoutLine: {'line': b'-- Symlinking: /home/lingfan/ros2_ws/install/phasespace_msgs/include/phasespace_msgs/phasespace_msgs/msg/detail/markers__functions.h\n'}
[3.812153] (-) TimerEvent: {}
[3.819446] (phasespace_msgs) StdoutLine: {'line': b'-- Symlinking: /home/lingfan/ros2_ws/install/phasespace_msgs/include/phasespace_msgs/phasespace_msgs/msg/detail/markers__struct.h\n'}
[3.831517] (phasespace_msgs) StdoutLine: {'line': b'-- Symlinking: /home/lingfan/ros2_ws/install/phasespace_msgs/include/phasespace_msgs/phasespace_msgs/msg/detail/markers__type_support.h\n'}
[3.844598] (phasespace_msgs) StdoutLine: {'line': b'-- Symlinking: /home/lingfan/ros2_ws/install/phasespace_msgs/include/phasespace_msgs/phasespace_msgs/msg/detail/rigid__functions.h\n'}
[3.856050] (phasespace_msgs) StdoutLine: {'line': b'-- Symlinking: /home/lingfan/ros2_ws/install/phasespace_msgs/include/phasespace_msgs/phasespace_msgs/msg/detail/rigid__struct.h\n'}
[3.867419] (phasespace_msgs) StdoutLine: {'line': b'-- Symlinking: /home/lingfan/ros2_ws/install/phasespace_msgs/include/phasespace_msgs/phasespace_msgs/msg/detail/rigid__type_support.h\n'}
[3.878433] (phasespace_msgs) StdoutLine: {'line': b'-- Symlinking: /home/lingfan/ros2_ws/install/phasespace_msgs/include/phasespace_msgs/phasespace_msgs/msg/detail/rigids__functions.h\n'}
[3.890767] (phasespace_msgs) StdoutLine: {'line': b'-- Symlinking: /home/lingfan/ros2_ws/install/phasespace_msgs/include/phasespace_msgs/phasespace_msgs/msg/detail/rigids__struct.h\n'}
[3.899478] (phasespace_msgs) StdoutLine: {'line': b'-- Symlinking: /home/lingfan/ros2_ws/install/phasespace_msgs/include/phasespace_msgs/phasespace_msgs/msg/detail/rigids__type_support.h\n'}
[3.909389] (phasespace_msgs) StdoutLine: {'line': b'-- Symlinking: /home/lingfan/ros2_ws/install/phasespace_msgs/include/phasespace_msgs/phasespace_msgs/msg/marker.h\n'}
[3.912348] (-) TimerEvent: {}
[3.921258] (phasespace_msgs) StdoutLine: {'line': b'-- Symlinking: /home/lingfan/ros2_ws/install/phasespace_msgs/include/phasespace_msgs/phasespace_msgs/msg/markers.h\n'}
[3.932503] (phasespace_msgs) StdoutLine: {'line': b'-- Symlinking: /home/lingfan/ros2_ws/install/phasespace_msgs/include/phasespace_msgs/phasespace_msgs/msg/rigid.h\n'}
[3.944814] (phasespace_msgs) StdoutLine: {'line': b'-- Symlinking: /home/lingfan/ros2_ws/install/phasespace_msgs/include/phasespace_msgs/phasespace_msgs/msg/rigids.h\n'}
[3.955660] (phasespace_msgs) StdoutLine: {'line': b'-- Symlinking: /home/lingfan/ros2_ws/install/phasespace_msgs/include/phasespace_msgs/phasespace_msgs/msg/rosidl_generator_c__visibility_control.h\n'}
[3.966864] (phasespace_msgs) StdoutLine: {'line': b'-- Symlinking: /home/lingfan/ros2_ws/install/phasespace_msgs/share/phasespace_msgs/environment/library_path.sh\n'}
[3.978221] (phasespace_msgs) StdoutLine: {'line': b'-- Symlinking: /home/lingfan/ros2_ws/install/phasespace_msgs/share/phasespace_msgs/environment/library_path.dsv\n'}
[3.991412] (phasespace_msgs) StdoutLine: {'line': b'-- Symlinking: /home/lingfan/ros2_ws/install/phasespace_msgs/include/phasespace_msgs/phasespace_msgs/msg/detail/camera__rosidl_typesupport_fastrtps_c.h\n'}
[4.002364] (phasespace_msgs) StdoutLine: {'line': b'-- Symlinking: /home/lingfan/ros2_ws/install/phasespace_msgs/include/phasespace_msgs/phasespace_msgs/msg/detail/cameras__rosidl_typesupport_fastrtps_c.h\n'}
[4.012553] (-) TimerEvent: {}
[4.013183] (phasespace_msgs) StdoutLine: {'line': b'-- Symlinking: /home/lingfan/ros2_ws/install/phasespace_msgs/include/phasespace_msgs/phasespace_msgs/msg/detail/marker__rosidl_typesupport_fastrtps_c.h\n'}
[4.025043] (phasespace_msgs) StdoutLine: {'line': b'-- Symlinking: /home/lingfan/ros2_ws/install/phasespace_msgs/include/phasespace_msgs/phasespace_msgs/msg/detail/markers__rosidl_typesupport_fastrtps_c.h\n'}
[4.036962] (phasespace_msgs) StdoutLine: {'line': b'-- Symlinking: /home/lingfan/ros2_ws/install/phasespace_msgs/include/phasespace_msgs/phasespace_msgs/msg/detail/rigid__rosidl_typesupport_fastrtps_c.h\n'}
[4.044972] (phasespace_msgs) StdoutLine: {'line': b'-- Symlinking: /home/lingfan/ros2_ws/install/phasespace_msgs/include/phasespace_msgs/phasespace_msgs/msg/detail/rigids__rosidl_typesupport_fastrtps_c.h\n'}
[4.054488] (phasespace_msgs) StdoutLine: {'line': b'-- Symlinking: /home/lingfan/ros2_ws/install/phasespace_msgs/include/phasespace_msgs/phasespace_msgs/msg/rosidl_typesupport_fastrtps_c__visibility_control.h\n'}
[4.062931] (phasespace_msgs) StdoutLine: {'line': b'-- Symlinking: /home/lingfan/ros2_ws/install/phasespace_msgs/include/phasespace_msgs/phasespace_msgs/msg/detail/camera__rosidl_typesupport_introspection_c.h\n'}
[4.074436] (phasespace_msgs) StdoutLine: {'line': b'-- Symlinking: /home/lingfan/ros2_ws/install/phasespace_msgs/include/phasespace_msgs/phasespace_msgs/msg/detail/cameras__rosidl_typesupport_introspection_c.h\n'}
[4.083450] (phasespace_msgs) StdoutLine: {'line': b'-- Symlinking: /home/lingfan/ros2_ws/install/phasespace_msgs/include/phasespace_msgs/phasespace_msgs/msg/detail/marker__rosidl_typesupport_introspection_c.h\n'}
[4.092540] (phasespace_msgs) StdoutLine: {'line': b'-- Symlinking: /home/lingfan/ros2_ws/install/phasespace_msgs/include/phasespace_msgs/phasespace_msgs/msg/detail/markers__rosidl_typesupport_introspection_c.h\n'}
[4.102279] (phasespace_msgs) StdoutLine: {'line': b'-- Symlinking: /home/lingfan/ros2_ws/install/phasespace_msgs/include/phasespace_msgs/phasespace_msgs/msg/detail/rigid__rosidl_typesupport_introspection_c.h\n'}
[4.110490] (phasespace_msgs) StdoutLine: {'line': b'-- Symlinking: /home/lingfan/ros2_ws/install/phasespace_msgs/include/phasespace_msgs/phasespace_msgs/msg/detail/rigids__rosidl_typesupport_introspection_c.h\n'}
[4.112628] (-) TimerEvent: {}
[4.119187] (phasespace_msgs) StdoutLine: {'line': b'-- Symlinking: /home/lingfan/ros2_ws/install/phasespace_msgs/include/phasespace_msgs/phasespace_msgs/msg/rosidl_typesupport_introspection_c__visibility_control.h\n'}
[4.129990] (phasespace_msgs) StdoutLine: {'line': b'-- Symlinking: /home/lingfan/ros2_ws/install/phasespace_msgs/include/phasespace_msgs/phasespace_msgs/msg/camera.hpp\n'}
[4.139340] (phasespace_msgs) StdoutLine: {'line': b'-- Symlinking: /home/lingfan/ros2_ws/install/phasespace_msgs/include/phasespace_msgs/phasespace_msgs/msg/cameras.hpp\n'}
[4.148925] (phasespace_msgs) StdoutLine: {'line': b'-- Symlinking: /home/lingfan/ros2_ws/install/phasespace_msgs/include/phasespace_msgs/phasespace_msgs/msg/detail/camera__builder.hpp\n'}
[4.158767] (phasespace_msgs) StdoutLine: {'line': b'-- Symlinking: /home/lingfan/ros2_ws/install/phasespace_msgs/include/phasespace_msgs/phasespace_msgs/msg/detail/camera__struct.hpp\n'}
[4.168353] (phasespace_msgs) StdoutLine: {'line': b'-- Symlinking: /home/lingfan/ros2_ws/install/phasespace_msgs/include/phasespace_msgs/phasespace_msgs/msg/detail/camera__traits.hpp\n'}
[4.177678] (phasespace_msgs) StdoutLine: {'line': b'-- Symlinking: /home/lingfan/ros2_ws/install/phasespace_msgs/include/phasespace_msgs/phasespace_msgs/msg/detail/camera__type_support.hpp\n'}
[4.187497] (phasespace_msgs) StdoutLine: {'line': b'-- Symlinking: /home/lingfan/ros2_ws/install/phasespace_msgs/include/phasespace_msgs/phasespace_msgs/msg/detail/cameras__builder.hpp\n'}
[4.197656] (phasespace_msgs) StdoutLine: {'line': b'-- Symlinking: /home/lingfan/ros2_ws/install/phasespace_msgs/include/phasespace_msgs/phasespace_msgs/msg/detail/cameras__struct.hpp\n'}
[4.207941] (phasespace_msgs) StdoutLine: {'line': b'-- Symlinking: /home/lingfan/ros2_ws/install/phasespace_msgs/include/phasespace_msgs/phasespace_msgs/msg/detail/cameras__traits.hpp\n'}
[4.212714] (-) TimerEvent: {}
[4.220703] (phasespace_msgs) StdoutLine: {'line': b'-- Symlinking: /home/lingfan/ros2_ws/install/phasespace_msgs/include/phasespace_msgs/phasespace_msgs/msg/detail/cameras__type_support.hpp\n'}
[4.231281] (phasespace_msgs) StdoutLine: {'line': b'-- Symlinking: /home/lingfan/ros2_ws/install/phasespace_msgs/include/phasespace_msgs/phasespace_msgs/msg/detail/marker__builder.hpp\n'}
[4.241241] (phasespace_msgs) StdoutLine: {'line': b'-- Symlinking: /home/lingfan/ros2_ws/install/phasespace_msgs/include/phasespace_msgs/phasespace_msgs/msg/detail/marker__struct.hpp\n'}
[4.252471] (phasespace_msgs) StdoutLine: {'line': b'-- Symlinking: /home/lingfan/ros2_ws/install/phasespace_msgs/include/phasespace_msgs/phasespace_msgs/msg/detail/marker__traits.hpp\n'}
[4.263381] (phasespace_msgs) StdoutLine: {'line': b'-- Symlinking: /home/lingfan/ros2_ws/install/phasespace_msgs/include/phasespace_msgs/phasespace_msgs/msg/detail/marker__type_support.hpp\n'}
[4.275340] (phasespace_msgs) StdoutLine: {'line': b'-- Symlinking: /home/lingfan/ros2_ws/install/phasespace_msgs/include/phasespace_msgs/phasespace_msgs/msg/detail/markers__builder.hpp\n'}
[4.288556] (phasespace_msgs) StdoutLine: {'line': b'-- Symlinking: /home/lingfan/ros2_ws/install/phasespace_msgs/include/phasespace_msgs/phasespace_msgs/msg/detail/markers__struct.hpp\n'}
[4.300067] (phasespace_msgs) StdoutLine: {'line': b'-- Symlinking: /home/lingfan/ros2_ws/install/phasespace_msgs/include/phasespace_msgs/phasespace_msgs/msg/detail/markers__traits.hpp\n'}
[4.308436] (phasespace_msgs) StdoutLine: {'line': b'-- Symlinking: /home/lingfan/ros2_ws/install/phasespace_msgs/include/phasespace_msgs/phasespace_msgs/msg/detail/markers__type_support.hpp\n'}
[4.312806] (-) TimerEvent: {}
[4.319932] (phasespace_msgs) StdoutLine: {'line': b'-- Symlinking: /home/lingfan/ros2_ws/install/phasespace_msgs/include/phasespace_msgs/phasespace_msgs/msg/detail/rigid__builder.hpp\n'}
[4.330083] (phasespace_msgs) StdoutLine: {'line': b'-- Symlinking: /home/lingfan/ros2_ws/install/phasespace_msgs/include/phasespace_msgs/phasespace_msgs/msg/detail/rigid__struct.hpp\n'}
[4.339651] (phasespace_msgs) StdoutLine: {'line': b'-- Symlinking: /home/lingfan/ros2_ws/install/phasespace_msgs/include/phasespace_msgs/phasespace_msgs/msg/detail/rigid__traits.hpp\n'}
[4.350025] (phasespace_msgs) StdoutLine: {'line': b'-- Symlinking: /home/lingfan/ros2_ws/install/phasespace_msgs/include/phasespace_msgs/phasespace_msgs/msg/detail/rigid__type_support.hpp\n'}
[4.359247] (phasespace_msgs) StdoutLine: {'line': b'-- Symlinking: /home/lingfan/ros2_ws/install/phasespace_msgs/include/phasespace_msgs/phasespace_msgs/msg/detail/rigids__builder.hpp\n'}
[4.368856] (phasespace_msgs) StdoutLine: {'line': b'-- Symlinking: /home/lingfan/ros2_ws/install/phasespace_msgs/include/phasespace_msgs/phasespace_msgs/msg/detail/rigids__struct.hpp\n'}
[4.377504] (phasespace_msgs) StdoutLine: {'line': b'-- Symlinking: /home/lingfan/ros2_ws/install/phasespace_msgs/include/phasespace_msgs/phasespace_msgs/msg/detail/rigids__traits.hpp\n'}
[4.385881] (phasespace_msgs) StdoutLine: {'line': b'-- Symlinking: /home/lingfan/ros2_ws/install/phasespace_msgs/include/phasespace_msgs/phasespace_msgs/msg/detail/rigids__type_support.hpp\n'}
[4.397858] (phasespace_msgs) StdoutLine: {'line': b'-- Symlinking: /home/lingfan/ros2_ws/install/phasespace_msgs/include/phasespace_msgs/phasespace_msgs/msg/marker.hpp\n'}
[4.409622] (phasespace_msgs) StdoutLine: {'line': b'-- Symlinking: /home/lingfan/ros2_ws/install/phasespace_msgs/include/phasespace_msgs/phasespace_msgs/msg/markers.hpp\n'}
[4.412912] (-) TimerEvent: {}
[4.419292] (phasespace_msgs) StdoutLine: {'line': b'-- Symlinking: /home/lingfan/ros2_ws/install/phasespace_msgs/include/phasespace_msgs/phasespace_msgs/msg/rigid.hpp\n'}
[4.430952] (phasespace_msgs) StdoutLine: {'line': b'-- Symlinking: /home/lingfan/ros2_ws/install/phasespace_msgs/include/phasespace_msgs/phasespace_msgs/msg/rigids.hpp\n'}
[4.440400] (phasespace_msgs) StdoutLine: {'line': b'-- Symlinking: /home/lingfan/ros2_ws/install/phasespace_msgs/include/phasespace_msgs/phasespace_msgs/msg/rosidl_generator_cpp__visibility_control.hpp\n'}
[4.451823] (phasespace_msgs) StdoutLine: {'line': b'-- Symlinking: /home/lingfan/ros2_ws/install/phasespace_msgs/include/phasespace_msgs/phasespace_msgs/msg/detail/camera__rosidl_typesupport_fastrtps_cpp.hpp\n'}
[4.460938] (phasespace_msgs) StdoutLine: {'line': b'-- Symlinking: /home/lingfan/ros2_ws/install/phasespace_msgs/include/phasespace_msgs/phasespace_msgs/msg/detail/cameras__rosidl_typesupport_fastrtps_cpp.hpp\n'}
[4.471280] (phasespace_msgs) StdoutLine: {'line': b'-- Symlinking: /home/lingfan/ros2_ws/install/phasespace_msgs/include/phasespace_msgs/phasespace_msgs/msg/detail/marker__rosidl_typesupport_fastrtps_cpp.hpp\n'}
[4.480605] (phasespace_msgs) StdoutLine: {'line': b'-- Symlinking: /home/lingfan/ros2_ws/install/phasespace_msgs/include/phasespace_msgs/phasespace_msgs/msg/detail/markers__rosidl_typesupport_fastrtps_cpp.hpp\n'}
[4.488498] (phasespace_msgs) StdoutLine: {'line': b'-- Symlinking: /home/lingfan/ros2_ws/install/phasespace_msgs/include/phasespace_msgs/phasespace_msgs/msg/detail/rigid__rosidl_typesupport_fastrtps_cpp.hpp\n'}
[4.497997] (phasespace_msgs) StdoutLine: {'line': b'-- Symlinking: /home/lingfan/ros2_ws/install/phasespace_msgs/include/phasespace_msgs/phasespace_msgs/msg/detail/rigids__rosidl_typesupport_fastrtps_cpp.hpp\n'}
[4.505450] (phasespace_msgs) StdoutLine: {'line': b'-- Symlinking: /home/lingfan/ros2_ws/install/phasespace_msgs/include/phasespace_msgs/phasespace_msgs/msg/rosidl_typesupport_fastrtps_cpp__visibility_control.h\n'}
[4.513030] (-) TimerEvent: {}
[4.513436] (phasespace_msgs) StdoutLine: {'line': b'-- Symlinking: /home/lingfan/ros2_ws/install/phasespace_msgs/include/phasespace_msgs/phasespace_msgs/msg/detail/camera__rosidl_typesupport_introspection_cpp.hpp\n'}
[4.521770] (phasespace_msgs) StdoutLine: {'line': b'-- Symlinking: /home/lingfan/ros2_ws/install/phasespace_msgs/include/phasespace_msgs/phasespace_msgs/msg/detail/cameras__rosidl_typesupport_introspection_cpp.hpp\n'}
[4.529548] (phasespace_msgs) StdoutLine: {'line': b'-- Symlinking: /home/lingfan/ros2_ws/install/phasespace_msgs/include/phasespace_msgs/phasespace_msgs/msg/detail/marker__rosidl_typesupport_introspection_cpp.hpp\n'}
[4.538934] (phasespace_msgs) StdoutLine: {'line': b'-- Symlinking: /home/lingfan/ros2_ws/install/phasespace_msgs/include/phasespace_msgs/phasespace_msgs/msg/detail/markers__rosidl_typesupport_introspection_cpp.hpp\n'}
[4.550393] (phasespace_msgs) StdoutLine: {'line': b'-- Symlinking: /home/lingfan/ros2_ws/install/phasespace_msgs/include/phasespace_msgs/phasespace_msgs/msg/detail/rigid__rosidl_typesupport_introspection_cpp.hpp\n'}
[4.560086] (phasespace_msgs) StdoutLine: {'line': b'-- Symlinking: /home/lingfan/ros2_ws/install/phasespace_msgs/include/phasespace_msgs/phasespace_msgs/msg/detail/rigids__rosidl_typesupport_introspection_cpp.hpp\n'}
[4.571384] (phasespace_msgs) StdoutLine: {'line': b'-- Symlinking: /home/lingfan/ros2_ws/install/phasespace_msgs/share/phasespace_msgs/environment/pythonpath.sh\n'}
[4.582215] (phasespace_msgs) StdoutLine: {'line': b'-- Symlinking: /home/lingfan/ros2_ws/install/phasespace_msgs/share/phasespace_msgs/environment/pythonpath.dsv\n'}
[4.592590] (phasespace_msgs) StdoutLine: {'line': b'-- Symlinking: /home/lingfan/ros2_ws/install/phasespace_msgs/local/lib/python3.10/dist-packages/phasespace_msgs-0.0.0-py3.10.egg-info/PKG-INFO\n'}
[4.601994] (phasespace_msgs) StdoutLine: {'line': b'-- Symlinking: /home/lingfan/ros2_ws/install/phasespace_msgs/local/lib/python3.10/dist-packages/phasespace_msgs-0.0.0-py3.10.egg-info/SOURCES.txt\n'}
[4.612334] (phasespace_msgs) StdoutLine: {'line': b'-- Symlinking: /home/lingfan/ros2_ws/install/phasespace_msgs/local/lib/python3.10/dist-packages/phasespace_msgs-0.0.0-py3.10.egg-info/dependency_links.txt\n'}
[4.613231] (-) TimerEvent: {}
[4.623335] (phasespace_msgs) StdoutLine: {'line': b'-- Symlinking: /home/lingfan/ros2_ws/install/phasespace_msgs/local/lib/python3.10/dist-packages/phasespace_msgs-0.0.0-py3.10.egg-info/top_level.txt\n'}
[4.634977] (phasespace_msgs) StdoutLine: {'line': b'-- Symlinking: /home/lingfan/ros2_ws/install/phasespace_msgs/local/lib/python3.10/dist-packages/phasespace_msgs/__init__.py\n'}
[4.644748] (phasespace_msgs) StdoutLine: {'line': b'-- Symlinking: /home/lingfan/ros2_ws/install/phasespace_msgs/local/lib/python3.10/dist-packages/phasespace_msgs/_phasespace_msgs_s.ep.rosidl_typesupport_c.c\n'}
[4.654820] (phasespace_msgs) StdoutLine: {'line': b'-- Symlinking: /home/lingfan/ros2_ws/install/phasespace_msgs/local/lib/python3.10/dist-packages/phasespace_msgs/_phasespace_msgs_s.ep.rosidl_typesupport_fastrtps_c.c\n'}
[4.666104] (phasespace_msgs) StdoutLine: {'line': b'-- Symlinking: /home/lingfan/ros2_ws/install/phasespace_msgs/local/lib/python3.10/dist-packages/phasespace_msgs/_phasespace_msgs_s.ep.rosidl_typesupport_introspection_c.c\n'}
[4.676315] (phasespace_msgs) StdoutLine: {'line': b'-- Symlinking: /home/lingfan/ros2_ws/install/phasespace_msgs/local/lib/python3.10/dist-packages/phasespace_msgs/libphasespace_msgs__rosidl_generator_py.so\n'}
[4.682236] (phasespace_msgs) StdoutLine: {'line': b'-- Symlinking: /home/lingfan/ros2_ws/install/phasespace_msgs/local/lib/python3.10/dist-packages/phasespace_msgs/msg/__init__.py\n'}
[4.690547] (phasespace_msgs) StdoutLine: {'line': b'-- Symlinking: /home/lingfan/ros2_ws/install/phasespace_msgs/local/lib/python3.10/dist-packages/phasespace_msgs/msg/_camera.py\n'}
[4.700005] (phasespace_msgs) StdoutLine: {'line': b'-- Symlinking: /home/lingfan/ros2_ws/install/phasespace_msgs/local/lib/python3.10/dist-packages/phasespace_msgs/msg/_camera_s.c\n'}
[4.709642] (phasespace_msgs) StdoutLine: {'line': b'-- Symlinking: /home/lingfan/ros2_ws/install/phasespace_msgs/local/lib/python3.10/dist-packages/phasespace_msgs/msg/_cameras.py\n'}
[4.713458] (-) TimerEvent: {}
[4.720620] (phasespace_msgs) StdoutLine: {'line': b'-- Symlinking: /home/lingfan/ros2_ws/install/phasespace_msgs/local/lib/python3.10/dist-packages/phasespace_msgs/msg/_cameras_s.c\n'}
[4.731169] (phasespace_msgs) StdoutLine: {'line': b'-- Symlinking: /home/lingfan/ros2_ws/install/phasespace_msgs/local/lib/python3.10/dist-packages/phasespace_msgs/msg/_marker.py\n'}
[4.742506] (phasespace_msgs) StdoutLine: {'line': b'-- Symlinking: /home/lingfan/ros2_ws/install/phasespace_msgs/local/lib/python3.10/dist-packages/phasespace_msgs/msg/_marker_s.c\n'}
[4.754335] (phasespace_msgs) StdoutLine: {'line': b'-- Symlinking: /home/lingfan/ros2_ws/install/phasespace_msgs/local/lib/python3.10/dist-packages/phasespace_msgs/msg/_markers.py\n'}
[4.764730] (phasespace_msgs) StdoutLine: {'line': b'-- Symlinking: /home/lingfan/ros2_ws/install/phasespace_msgs/local/lib/python3.10/dist-packages/phasespace_msgs/msg/_markers_s.c\n'}
[4.774668] (phasespace_msgs) StdoutLine: {'line': b'-- Symlinking: /home/lingfan/ros2_ws/install/phasespace_msgs/local/lib/python3.10/dist-packages/phasespace_msgs/msg/_rigid.py\n'}
[4.783833] (phasespace_msgs) StdoutLine: {'line': b'-- Symlinking: /home/lingfan/ros2_ws/install/phasespace_msgs/local/lib/python3.10/dist-packages/phasespace_msgs/msg/_rigid_s.c\n'}
[4.793188] (phasespace_msgs) StdoutLine: {'line': b'-- Symlinking: /home/lingfan/ros2_ws/install/phasespace_msgs/local/lib/python3.10/dist-packages/phasespace_msgs/msg/_rigids.py\n'}
[4.802911] (phasespace_msgs) StdoutLine: {'line': b'-- Symlinking: /home/lingfan/ros2_ws/install/phasespace_msgs/local/lib/python3.10/dist-packages/phasespace_msgs/msg/_rigids_s.c\n'}
[4.813551] (-) TimerEvent: {}
[4.813909] (phasespace_msgs) StdoutLine: {'line': b'-- Symlinking: /home/lingfan/ros2_ws/install/phasespace_msgs/local/lib/python3.10/dist-packages/phasespace_msgs/phasespace_msgs_s__rosidl_typesupport_c.cpython-310-x86_64-linux-gnu.so\n'}
[4.823950] (phasespace_msgs) StdoutLine: {'line': b'-- Symlinking: /home/lingfan/ros2_ws/install/phasespace_msgs/local/lib/python3.10/dist-packages/phasespace_msgs/phasespace_msgs_s__rosidl_typesupport_fastrtps_c.cpython-310-x86_64-linux-gnu.so\n'}
[4.833616] (phasespace_msgs) StdoutLine: {'line': b'-- Symlinking: /home/lingfan/ros2_ws/install/phasespace_msgs/local/lib/python3.10/dist-packages/phasespace_msgs/phasespace_msgs_s__rosidl_typesupport_introspection_c.cpython-310-x86_64-linux-gnu.so\n'}
[4.845245] (phasespace_msgs) StdoutLine: {'line': b'-- Up-to-date symlink: /home/lingfan/ros2_ws/install/phasespace_msgs/local/lib/python3.10/dist-packages/phasespace_msgs/phasespace_msgs_s__rosidl_typesupport_fastrtps_c.cpython-310-x86_64-linux-gnu.so\n'}
[4.845457] (phasespace_msgs) StdoutLine: {'line': b'-- Up-to-date symlink: /home/lingfan/ros2_ws/install/phasespace_msgs/local/lib/python3.10/dist-packages/phasespace_msgs/phasespace_msgs_s__rosidl_typesupport_introspection_c.cpython-310-x86_64-linux-gnu.so\n'}
[4.845645] (phasespace_msgs) StdoutLine: {'line': b'-- Up-to-date symlink: /home/lingfan/ros2_ws/install/phasespace_msgs/local/lib/python3.10/dist-packages/phasespace_msgs/phasespace_msgs_s__rosidl_typesupport_c.cpython-310-x86_64-linux-gnu.so\n'}
[4.845773] (phasespace_msgs) StdoutLine: {'line': b'-- Symlinking: /home/lingfan/ros2_ws/install/phasespace_msgs/share/phasespace_msgs/msg/Camera.idl\n'}
[4.856119] (phasespace_msgs) StdoutLine: {'line': b'-- Symlinking: /home/lingfan/ros2_ws/install/phasespace_msgs/share/phasespace_msgs/msg/Cameras.idl\n'}
[4.861464] (phasespace_msgs) StdoutLine: {'line': b'-- Symlinking: /home/lingfan/ros2_ws/install/phasespace_msgs/share/phasespace_msgs/msg/Marker.idl\n'}
[4.871421] (phasespace_msgs) StdoutLine: {'line': b'-- Symlinking: /home/lingfan/ros2_ws/install/phasespace_msgs/share/phasespace_msgs/msg/Markers.idl\n'}
[4.880657] (phasespace_msgs) StdoutLine: {'line': b'-- Symlinking: /home/lingfan/ros2_ws/install/phasespace_msgs/share/phasespace_msgs/msg/Rigid.idl\n'}
[4.891244] (phasespace_msgs) StdoutLine: {'line': b'-- Symlinking: /home/lingfan/ros2_ws/install/phasespace_msgs/share/phasespace_msgs/msg/Rigids.idl\n'}
[4.901477] (phasespace_msgs) StdoutLine: {'line': b'-- Symlinking: /home/lingfan/ros2_ws/install/phasespace_msgs/share/phasespace_msgs/msg/Camera.msg\n'}
[4.907401] (phasespace_msgs) StdoutLine: {'line': b'-- Symlinking: /home/lingfan/ros2_ws/install/phasespace_msgs/share/phasespace_msgs/msg/Cameras.msg\n'}
[4.913720] (-) TimerEvent: {}
[4.915447] (phasespace_msgs) StdoutLine: {'line': b'-- Symlinking: /home/lingfan/ros2_ws/install/phasespace_msgs/share/phasespace_msgs/msg/Marker.msg\n'}
[4.923211] (phasespace_msgs) StdoutLine: {'line': b'-- Symlinking: /home/lingfan/ros2_ws/install/phasespace_msgs/share/phasespace_msgs/msg/Markers.msg\n'}
[4.931241] (phasespace_msgs) StdoutLine: {'line': b'-- Symlinking: /home/lingfan/ros2_ws/install/phasespace_msgs/share/phasespace_msgs/msg/Rigid.msg\n'}
[4.940583] (phasespace_msgs) StdoutLine: {'line': b'-- Symlinking: /home/lingfan/ros2_ws/install/phasespace_msgs/share/phasespace_msgs/msg/Rigids.msg\n'}
[4.950925] (phasespace_msgs) StdoutLine: {'line': b'-- Symlinking: /home/lingfan/ros2_ws/install/phasespace_msgs/share/phasespace_msgs/msg/msg/Camera.msg\n'}
[4.958891] (phasespace_msgs) StdoutLine: {'line': b'-- Symlinking: /home/lingfan/ros2_ws/install/phasespace_msgs/share/phasespace_msgs/msg/msg/Cameras.msg\n'}
[4.965886] (phasespace_msgs) StdoutLine: {'line': b'-- Symlinking: /home/lingfan/ros2_ws/install/phasespace_msgs/share/phasespace_msgs/msg/msg/Marker.msg\n'}
[4.974130] (phasespace_msgs) StdoutLine: {'line': b'-- Symlinking: /home/lingfan/ros2_ws/install/phasespace_msgs/share/phasespace_msgs/msg/msg/Markers.msg\n'}
[4.985244] (phasespace_msgs) StdoutLine: {'line': b'-- Symlinking: /home/lingfan/ros2_ws/install/phasespace_msgs/share/phasespace_msgs/msg/msg/Rigid.msg\n'}
[4.993627] (phasespace_msgs) StdoutLine: {'line': b'-- Symlinking: /home/lingfan/ros2_ws/install/phasespace_msgs/share/phasespace_msgs/msg/msg/Rigids.msg\n'}
[5.001458] (phasespace_msgs) StdoutLine: {'line': b'-- Symlinking: /home/lingfan/ros2_ws/install/phasespace_msgs/share/ament_index/resource_index/package_run_dependencies/phasespace_msgs\n'}
[5.008967] (phasespace_msgs) StdoutLine: {'line': b'-- Symlinking: /home/lingfan/ros2_ws/install/phasespace_msgs/share/ament_index/resource_index/parent_prefix_path/phasespace_msgs\n'}
[5.013818] (-) TimerEvent: {}
[5.014803] (phasespace_msgs) StdoutLine: {'line': b'-- Symlinking: /home/lingfan/ros2_ws/install/phasespace_msgs/share/phasespace_msgs/environment/ament_prefix_path.sh\n'}
[5.020223] (phasespace_msgs) StdoutLine: {'line': b'-- Symlinking: /home/lingfan/ros2_ws/install/phasespace_msgs/share/phasespace_msgs/environment/ament_prefix_path.dsv\n'}
[5.027203] (phasespace_msgs) StdoutLine: {'line': b'-- Symlinking: /home/lingfan/ros2_ws/install/phasespace_msgs/share/phasespace_msgs/environment/path.sh\n'}
[5.035530] (phasespace_msgs) StdoutLine: {'line': b'-- Symlinking: /home/lingfan/ros2_ws/install/phasespace_msgs/share/phasespace_msgs/environment/path.dsv\n'}
[5.043515] (phasespace_msgs) StdoutLine: {'line': b'-- Symlinking: /home/lingfan/ros2_ws/install/phasespace_msgs/share/phasespace_msgs/local_setup.bash\n'}
[5.053874] (phasespace_msgs) StdoutLine: {'line': b'-- Symlinking: /home/lingfan/ros2_ws/install/phasespace_msgs/share/phasespace_msgs/local_setup.sh\n'}
[5.064626] (phasespace_msgs) StdoutLine: {'line': b'-- Symlinking: /home/lingfan/ros2_ws/install/phasespace_msgs/share/phasespace_msgs/local_setup.zsh\n'}
[5.074222] (phasespace_msgs) StdoutLine: {'line': b'-- Symlinking: /home/lingfan/ros2_ws/install/phasespace_msgs/share/phasespace_msgs/local_setup.dsv\n'}
[5.085641] (phasespace_msgs) StdoutLine: {'line': b'-- Symlinking: /home/lingfan/ros2_ws/install/phasespace_msgs/share/phasespace_msgs/package.dsv\n'}
[5.095163] (phasespace_msgs) StdoutLine: {'line': b'-- Symlinking: /home/lingfan/ros2_ws/install/phasespace_msgs/share/ament_index/resource_index/packages/phasespace_msgs\n'}
[5.104853] (phasespace_msgs) StdoutLine: {'line': b'-- Symlinking: /home/lingfan/ros2_ws/install/phasespace_msgs/share/phasespace_msgs/cmake/rosidl_cmake-extras.cmake\n'}
[5.114029] (-) TimerEvent: {}
[5.114344] (phasespace_msgs) StdoutLine: {'line': b'-- Symlinking: /home/lingfan/ros2_ws/install/phasespace_msgs/share/phasespace_msgs/cmake/ament_cmake_export_dependencies-extras.cmake\n'}
[5.124993] (phasespace_msgs) StdoutLine: {'line': b'-- Symlinking: /home/lingfan/ros2_ws/install/phasespace_msgs/share/phasespace_msgs/cmake/ament_cmake_export_include_directories-extras.cmake\n'}
[5.136539] (phasespace_msgs) StdoutLine: {'line': b'-- Symlinking: /home/lingfan/ros2_ws/install/phasespace_msgs/share/phasespace_msgs/cmake/ament_cmake_export_libraries-extras.cmake\n'}
[5.146387] (phasespace_msgs) StdoutLine: {'line': b'-- Symlinking: /home/lingfan/ros2_ws/install/phasespace_msgs/share/phasespace_msgs/cmake/ament_cmake_export_targets-extras.cmake\n'}
[5.156886] (phasespace_msgs) StdoutLine: {'line': b'-- Symlinking: /home/lingfan/ros2_ws/install/phasespace_msgs/share/phasespace_msgs/cmake/rosidl_cmake_export_typesupport_targets-extras.cmake\n'}
[5.168332] (phasespace_msgs) StdoutLine: {'line': b'-- Symlinking: /home/lingfan/ros2_ws/install/phasespace_msgs/share/phasespace_msgs/cmake/rosidl_cmake_export_typesupport_libraries-extras.cmake\n'}
[5.177699] (phasespace_msgs) StdoutLine: {'line': b'-- Symlinking: /home/lingfan/ros2_ws/install/phasespace_msgs/share/phasespace_msgs/cmake/phasespace_msgsConfig.cmake\n'}
[5.187467] (phasespace_msgs) StdoutLine: {'line': b'-- Symlinking: /home/lingfan/ros2_ws/install/phasespace_msgs/share/phasespace_msgs/cmake/phasespace_msgsConfig-version.cmake\n'}
[5.197466] (phasespace_msgs) StdoutLine: {'line': b'-- Symlinking: /home/lingfan/ros2_ws/install/phasespace_msgs/share/phasespace_msgs/package.xml\n'}
[5.206742] (phasespace_msgs) StdoutLine: {'line': b'-- Installing: /home/lingfan/ros2_ws/install/phasespace_msgs/lib/libphasespace_msgs__rosidl_generator_c.so\n'}
[5.207174] (phasespace_msgs) StdoutLine: {'line': b'-- Set runtime path of "/home/lingfan/ros2_ws/install/phasespace_msgs/lib/libphasespace_msgs__rosidl_generator_c.so" to ""\n'}
[5.207413] (phasespace_msgs) StdoutLine: {'line': b'-- Installing: /home/lingfan/ros2_ws/install/phasespace_msgs/lib/libphasespace_msgs__rosidl_typesupport_fastrtps_c.so\n'}
[5.207490] (phasespace_msgs) StdoutLine: {'line': b'-- Set runtime path of "/home/lingfan/ros2_ws/install/phasespace_msgs/lib/libphasespace_msgs__rosidl_typesupport_fastrtps_c.so" to ""\n'}
[5.207558] (phasespace_msgs) StdoutLine: {'line': b'-- Installing: /home/lingfan/ros2_ws/install/phasespace_msgs/lib/libphasespace_msgs__rosidl_typesupport_introspection_c.so\n'}
[5.207752] (phasespace_msgs) StdoutLine: {'line': b'-- Set runtime path of "/home/lingfan/ros2_ws/install/phasespace_msgs/lib/libphasespace_msgs__rosidl_typesupport_introspection_c.so" to ""\n'}
[5.207900] (phasespace_msgs) StdoutLine: {'line': b'-- Installing: /home/lingfan/ros2_ws/install/phasespace_msgs/lib/libphasespace_msgs__rosidl_typesupport_c.so\n'}
[5.208023] (phasespace_msgs) StdoutLine: {'line': b'-- Set runtime path of "/home/lingfan/ros2_ws/install/phasespace_msgs/lib/libphasespace_msgs__rosidl_typesupport_c.so" to ""\n'}
[5.208155] (phasespace_msgs) StdoutLine: {'line': b'-- Installing: /home/lingfan/ros2_ws/install/phasespace_msgs/lib/libphasespace_msgs__rosidl_typesupport_fastrtps_cpp.so\n'}
[5.208214] (phasespace_msgs) StdoutLine: {'line': b'-- Set runtime path of "/home/lingfan/ros2_ws/install/phasespace_msgs/lib/libphasespace_msgs__rosidl_typesupport_fastrtps_cpp.so" to ""\n'}
[5.208268] (phasespace_msgs) StdoutLine: {'line': b'-- Installing: /home/lingfan/ros2_ws/install/phasespace_msgs/lib/libphasespace_msgs__rosidl_typesupport_introspection_cpp.so\n'}
[5.208386] (phasespace_msgs) StdoutLine: {'line': b'-- Set runtime path of "/home/lingfan/ros2_ws/install/phasespace_msgs/lib/libphasespace_msgs__rosidl_typesupport_introspection_cpp.so" to ""\n'}
[5.208480] (phasespace_msgs) StdoutLine: {'line': b'-- Installing: /home/lingfan/ros2_ws/install/phasespace_msgs/lib/libphasespace_msgs__rosidl_typesupport_cpp.so\n'}
[5.208664] (phasespace_msgs) StdoutLine: {'line': b'-- Set runtime path of "/home/lingfan/ros2_ws/install/phasespace_msgs/lib/libphasespace_msgs__rosidl_typesupport_cpp.so" to ""\n'}
[5.214215] (-) TimerEvent: {}
[5.245434] (phasespace_msgs) StdoutLine: {'line': b"Listing '/home/lingfan/ros2_ws/install/phasespace_msgs/local/lib/python3.10/dist-packages/phasespace_msgs'...\n"}
[5.245550] (phasespace_msgs) StdoutLine: {'line': b"Compiling '/home/lingfan/ros2_ws/install/phasespace_msgs/local/lib/python3.10/dist-packages/phasespace_msgs/__init__.py'...\n"}
[5.245625] (phasespace_msgs) StdoutLine: {'line': b"Listing '/home/lingfan/ros2_ws/install/phasespace_msgs/local/lib/python3.10/dist-packages/phasespace_msgs/msg'...\n"}
[5.245690] (phasespace_msgs) StdoutLine: {'line': b"Compiling '/home/lingfan/ros2_ws/install/phasespace_msgs/local/lib/python3.10/dist-packages/phasespace_msgs/msg/__init__.py'...\n"}
[5.245744] (phasespace_msgs) StdoutLine: {'line': b"Compiling '/home/lingfan/ros2_ws/install/phasespace_msgs/local/lib/python3.10/dist-packages/phasespace_msgs/msg/_camera.py'...\n"}
[5.245796] (phasespace_msgs) StdoutLine: {'line': b"Compiling '/home/lingfan/ros2_ws/install/phasespace_msgs/local/lib/python3.10/dist-packages/phasespace_msgs/msg/_cameras.py'...\n"}
[5.245850] (phasespace_msgs) StdoutLine: {'line': b"Compiling '/home/lingfan/ros2_ws/install/phasespace_msgs/local/lib/python3.10/dist-packages/phasespace_msgs/msg/_marker.py'...\n"}
[5.245895] (phasespace_msgs) StdoutLine: {'line': b"Compiling '/home/lingfan/ros2_ws/install/phasespace_msgs/local/lib/python3.10/dist-packages/phasespace_msgs/msg/_markers.py'...\n"}
[5.245945] (phasespace_msgs) StdoutLine: {'line': b"Compiling '/home/lingfan/ros2_ws/install/phasespace_msgs/local/lib/python3.10/dist-packages/phasespace_msgs/msg/_rigid.py'...\n"}
[5.245991] (phasespace_msgs) StdoutLine: {'line': b"Compiling '/home/lingfan/ros2_ws/install/phasespace_msgs/local/lib/python3.10/dist-packages/phasespace_msgs/msg/_rigids.py'...\n"}
[5.248569] (phasespace_msgs) StdoutLine: {'line': b'-- Installing: /home/lingfan/ros2_ws/install/phasespace_msgs/lib/libphasespace_msgs__rosidl_generator_py.so\n'}
[5.248732] (phasespace_msgs) StdoutLine: {'line': b'-- Set runtime path of "/home/lingfan/ros2_ws/install/phasespace_msgs/lib/libphasespace_msgs__rosidl_generator_py.so" to ""\n'}
[5.248927] (phasespace_msgs) StdoutLine: {'line': b'-- Installing: /home/lingfan/ros2_ws/install/phasespace_msgs/share/phasespace_msgs/cmake/export_phasespace_msgs__rosidl_generator_cExport.cmake\n'}
[5.248980] (phasespace_msgs) StdoutLine: {'line': b'-- Installing: /home/lingfan/ros2_ws/install/phasespace_msgs/share/phasespace_msgs/cmake/export_phasespace_msgs__rosidl_generator_cExport-release.cmake\n'}
[5.249041] (phasespace_msgs) StdoutLine: {'line': b'-- Installing: /home/lingfan/ros2_ws/install/phasespace_msgs/share/phasespace_msgs/cmake/export_phasespace_msgs__rosidl_typesupport_fastrtps_cExport.cmake\n'}
[5.249093] (phasespace_msgs) StdoutLine: {'line': b'-- Installing: /home/lingfan/ros2_ws/install/phasespace_msgs/share/phasespace_msgs/cmake/export_phasespace_msgs__rosidl_typesupport_fastrtps_cExport-release.cmake\n'}
[5.249124] (phasespace_msgs) StdoutLine: {'line': b'-- Installing: /home/lingfan/ros2_ws/install/phasespace_msgs/share/phasespace_msgs/cmake/phasespace_msgs__rosidl_typesupport_introspection_cExport.cmake\n'}
[5.249153] (phasespace_msgs) StdoutLine: {'line': b'-- Installing: /home/lingfan/ros2_ws/install/phasespace_msgs/share/phasespace_msgs/cmake/phasespace_msgs__rosidl_typesupport_introspection_cExport-release.cmake\n'}
[5.249181] (phasespace_msgs) StdoutLine: {'line': b'-- Installing: /home/lingfan/ros2_ws/install/phasespace_msgs/share/phasespace_msgs/cmake/phasespace_msgs__rosidl_typesupport_cExport.cmake\n'}
[5.249209] (phasespace_msgs) StdoutLine: {'line': b'-- Installing: /home/lingfan/ros2_ws/install/phasespace_msgs/share/phasespace_msgs/cmake/phasespace_msgs__rosidl_typesupport_cExport-release.cmake\n'}
[5.249261] (phasespace_msgs) StdoutLine: {'line': b'-- Installing: /home/lingfan/ros2_ws/install/phasespace_msgs/share/phasespace_msgs/cmake/export_phasespace_msgs__rosidl_generator_cppExport.cmake\n'}
[5.249334] (phasespace_msgs) StdoutLine: {'line': b'-- Installing: /home/lingfan/ros2_ws/install/phasespace_msgs/share/phasespace_msgs/cmake/export_phasespace_msgs__rosidl_typesupport_fastrtps_cppExport.cmake\n'}
[5.249382] (phasespace_msgs) StdoutLine: {'line': b'-- Installing: /home/lingfan/ros2_ws/install/phasespace_msgs/share/phasespace_msgs/cmake/export_phasespace_msgs__rosidl_typesupport_fastrtps_cppExport-release.cmake\n'}
[5.249412] (phasespace_msgs) StdoutLine: {'line': b'-- Installing: /home/lingfan/ros2_ws/install/phasespace_msgs/share/phasespace_msgs/cmake/phasespace_msgs__rosidl_typesupport_introspection_cppExport.cmake\n'}
[5.249455] (phasespace_msgs) StdoutLine: {'line': b'-- Installing: /home/lingfan/ros2_ws/install/phasespace_msgs/share/phasespace_msgs/cmake/phasespace_msgs__rosidl_typesupport_introspection_cppExport-release.cmake\n'}
[5.249483] (phasespace_msgs) StdoutLine: {'line': b'-- Installing: /home/lingfan/ros2_ws/install/phasespace_msgs/share/phasespace_msgs/cmake/phasespace_msgs__rosidl_typesupport_cppExport.cmake\n'}
[5.249543] (phasespace_msgs) StdoutLine: {'line': b'-- Installing: /home/lingfan/ros2_ws/install/phasespace_msgs/share/phasespace_msgs/cmake/phasespace_msgs__rosidl_typesupport_cppExport-release.cmake\n'}
[5.249573] (phasespace_msgs) StdoutLine: {'line': b'-- Installing: /home/lingfan/ros2_ws/install/phasespace_msgs/share/phasespace_msgs/cmake/export_phasespace_msgs__rosidl_generator_pyExport.cmake\n'}
[5.249600] (phasespace_msgs) StdoutLine: {'line': b'-- Installing: /home/lingfan/ros2_ws/install/phasespace_msgs/share/phasespace_msgs/cmake/export_phasespace_msgs__rosidl_generator_pyExport-release.cmake\n'}
[5.251737] (phasespace_msgs) CommandEnded: {'returncode': 0}
[5.263812] (phasespace_msgs) JobEnded: {'identifier': 'phasespace_msgs', 'rc': 0}
[5.264203] (phasespace_client) JobStarted: {'identifier': 'phasespace_client'}
[5.269476] (phasespace_client) JobProgress: {'identifier': 'phasespace_client', 'progress': 'cmake'}
[5.269728] (phasespace_client) Command: {'cmd': ['/usr/bin/cmake', '/home/lingfan/ros2_ws/src/phasespace_ros_node-main/phasespace_client', '-DAMENT_CMAKE_SYMLINK_INSTALL=1', '-DCMAKE_INSTALL_PREFIX=/home/lingfan/ros2_ws/install/phasespace_client'], 'cwd': '/home/lingfan/ros2_ws/build/phasespace_client', 'env': OrderedDict([('LESSOPEN', '| /usr/bin/lesspipe %s'), ('LANGUAGE', 'en_GB:en'), ('USER', 'lingfan'), ('XDG_SESSION_TYPE', 'x11'), ('SHLVL', '1'), ('LD_LIBRARY_PATH', '/home/lingfan/ros2_ws/install/phasespace_msgs/lib:/opt/ros/humble/opt/rviz_ogre_vendor/lib:/opt/ros/humble/lib/x86_64-linux-gnu:/opt/ros/humble/lib'), ('HOME', '/home/lingfan'), ('OLDPWD', '/home/lingfan/ros2_ws'), ('DESKTOP_SESSION', 'ubuntu'), ('ROS_PYTHON_VERSION', '3'), ('GNOME_SHELL_SESSION_MODE', 'ubuntu'), ('GTK_MODULES', 'gail:atk-bridge'), ('SYSTEMD_EXEC_PID', '4529'), ('DBUS_SESSION_BUS_ADDRESS', 'unix:path=/run/user/1002/bus'), ('COLORTERM', 'truecolor'), ('COLCON_PREFIX_PATH', '/home/lingfan/ros2_ws/install'), ('ROS_DISTRO', 'humble'), ('GTK_IM_MODULE', 'ibus'), ('LOGNAME', 'lingfan'), ('_', '/usr/bin/colcon'), ('ROS_VERSION', '2'), ('XDG_SESSION_CLASS', 'user'), ('USERNAME', 'lingfan'), ('TERM', 'xterm-256color'), ('GNOME_DESKTOP_SESSION_ID', 'this-is-deprecated'), ('ROS_LOCALHOST_ONLY', '0'), ('WINDOWPATH', '3'), ('PATH', '/opt/ros/humble/bin:/usr/local/sbin:/usr/local/bin:/usr/sbin:/usr/bin:/sbin:/bin:/usr/games:/usr/local/games:/snap/bin:/snap/bin'), ('SESSION_MANAGER', 'local/texas:@/tmp/.ICE-unix/4507,unix/texas:/tmp/.ICE-unix/4507'), ('XDG_MENU_PREFIX', 'gnome-'), ('GNOME_TERMINAL_SCREEN', '/org/gnome/Terminal/screen/414c2ff0_d99c_473a_a995_8b9d5fea2348'), ('XDG_RUNTIME_DIR', '/run/user/1002'), ('DISPLAY', ':2'), ('LANG', 'en_GB.UTF-8'), ('XDG_CURRENT_DESKTOP', 'ubuntu:GNOME'), ('XMODIFIERS', '@im=ibus'), ('XDG_SESSION_DESKTOP', 'ubuntu'), ('XAUTHORITY', '/run/user/1002/gdm/Xauthority'), ('LS_COLORS', 'rs=0:di=01;34:ln=01;36:mh=00:pi=40;33:so=01;35:do=01;35:bd=40;33;01:cd=40;33;01:or=40;31;01:mi=00:su=37;41:sg=30;43:ca=30;41:tw=30;42:ow=34;42:st=37;44:ex=01;32:*.tar=01;31:*.tgz=01;31:*.arc=01;31:*.arj=01;31:*.taz=01;31:*.lha=01;31:*.lz4=01;31:*.lzh=01;31:*.lzma=01;31:*.tlz=01;31:*.txz=01;31:*.tzo=01;31:*.t7z=01;31:*.zip=01;31:*.z=01;31:*.dz=01;31:*.gz=01;31:*.lrz=01;31:*.lz=01;31:*.lzo=01;31:*.xz=01;31:*.zst=01;31:*.tzst=01;31:*.bz2=01;31:*.bz=01;31:*.tbz=01;31:*.tbz2=01;31:*.tz=01;31:*.deb=01;31:*.rpm=01;31:*.jar=01;31:*.war=01;31:*.ear=01;31:*.sar=01;31:*.rar=01;31:*.alz=01;31:*.ace=01;31:*.zoo=01;31:*.cpio=01;31:*.7z=01;31:*.rz=01;31:*.cab=01;31:*.wim=01;31:*.swm=01;31:*.dwm=01;31:*.esd=01;31:*.jpg=01;35:*.jpeg=01;35:*.mjpg=01;35:*.mjpeg=01;35:*.gif=01;35:*.bmp=01;35:*.pbm=01;35:*.pgm=01;35:*.ppm=01;35:*.tga=01;35:*.xbm=01;35:*.xpm=01;35:*.tif=01;35:*.tiff=01;35:*.png=01;35:*.svg=01;35:*.svgz=01;35:*.mng=01;35:*.pcx=01;35:*.mov=01;35:*.mpg=01;35:*.mpeg=01;35:*.m2v=01;35:*.mkv=01;35:*.webm=01;35:*.webp=01;35:*.ogm=01;35:*.mp4=01;35:*.m4v=01;35:*.mp4v=01;35:*.vob=01;35:*.qt=01;35:*.nuv=01;35:*.wmv=01;35:*.asf=01;35:*.rm=01;35:*.rmvb=01;35:*.flc=01;35:*.avi=01;35:*.fli=01;35:*.flv=01;35:*.gl=01;35:*.dl=01;35:*.xcf=01;35:*.xwd=01;35:*.yuv=01;35:*.cgm=01;35:*.emf=01;35:*.ogv=01;35:*.ogx=01;35:*.aac=00;36:*.au=00;36:*.flac=00;36:*.m4a=00;36:*.mid=00;36:*.midi=00;36:*.mka=00;36:*.mp3=00;36:*.mpc=00;36:*.ogg=00;36:*.ra=00;36:*.wav=00;36:*.oga=00;36:*.opus=00;36:*.spx=00;36:*.xspf=00;36:'), ('GNOME_TERMINAL_SERVICE', ':1.156'), ('SSH_AGENT_LAUNCHER', 'gnome-keyring'), ('SSH_AUTH_SOCK', '/run/user/1002/keyring/ssh'), ('AMENT_PREFIX_PATH', '/home/lingfan/ros2_ws/install/phasespace_client:/home/lingfan/ros2_ws/install/phasespace_msgs:/opt/ros/humble'), ('SHELL', '/bin/bash'), ('QT_ACCESSIBILITY', '1'), ('GDMSESSION', 'ubuntu'), ('LESSCLOSE', '/usr/bin/lesspipe %s %s'), ('GPG_AGENT_INFO', '/run/user/1002/gnupg/S.gpg-agent:0:1'), ('QT_IM_MODULE', 'ibus'), ('PWD', '/home/lingfan/ros2_ws/build/phasespace_client'), ('XDG_CONFIG_DIRS', '/etc/xdg/xdg-ubuntu:/etc/xdg'), ('XDG_DATA_DIRS', '/usr/share/ubuntu:/usr/share/gnome:/usr/local/share/:/usr/share/:/var/lib/snapd/desktop'), ('PYTHONPATH', '/home/lingfan/ros2_ws/install/phasespace_msgs/local/lib/python3.10/dist-packages:/opt/ros/humble/lib/python3.10/site-packages:/opt/ros/humble/local/lib/python3.10/dist-packages'), ('COLCON', '1'), ('VTE_VERSION', '6800'), ('CMAKE_PREFIX_PATH', '/home/lingfan/ros2_ws/install/phasespace_msgs:/home/lingfan/ros2_ws/install/phasespace_client:/opt/ros/humble')]), 'shell': False}
[5.314354] (-) TimerEvent: {}
[5.320678] (phasespace_client) StdoutLine: {'line': b'-- The C compiler identification is GNU 11.4.0\n'}
[5.368983] (phasespace_client) StdoutLine: {'line': b'-- The CXX compiler identification is GNU 11.4.0\n'}
[5.374461] (phasespace_client) StdoutLine: {'line': b'-- Detecting C compiler ABI info\n'}
[5.414587] (-) TimerEvent: {}
[5.459844] (phasespace_client) StdoutLine: {'line': b'-- Detecting C compiler ABI info - done\n'}
[5.470013] (phasespace_client) StdoutLine: {'line': b'-- Check for working C compiler: /usr/bin/cc - skipped\n'}
[5.470159] (phasespace_client) StdoutLine: {'line': b'-- Detecting C compile features\n'}
[5.470618] (phasespace_client) StdoutLine: {'line': b'-- Detecting C compile features - done\n'}
[5.473527] (phasespace_client) StdoutLine: {'line': b'-- Detecting CXX compiler ABI info\n'}
[5.514708] (-) TimerEvent: {}
[5.567098] (phasespace_client) StdoutLine: {'line': b'-- Detecting CXX compiler ABI info - done\n'}
[5.572547] (phasespace_client) StdoutLine: {'line': b'-- Check for working CXX compiler: /usr/bin/c++ - skipped\n'}
[5.572638] (phasespace_client) StdoutLine: {'line': b'-- Detecting CXX compile features\n'}
[5.573044] (phasespace_client) StdoutLine: {'line': b'-- Detecting CXX compile features - done\n'}
[5.574272] (phasespace_client) StdoutLine: {'line': b'-- Found ament_cmake: 1.3.11 (/opt/ros/humble/share/ament_cmake/cmake)\n'}
[5.614783] (-) TimerEvent: {}
[5.713738] (phasespace_client) StdoutLine: {'line': b'-- Found Python3: /usr/bin/python3 (found version "3.10.12") found components: Interpreter \n'}
[5.714857] (-) TimerEvent: {}
[5.764468] (phasespace_client) StdoutLine: {'line': b'-- Override CMake install command with custom implementation using symlinks instead of copying resources\n'}
[5.781078] (phasespace_client) StdoutLine: {'line': b'-- Found rclcpp: 16.0.12 (/opt/ros/humble/share/rclcpp/cmake)\n'}
[5.805745] (phasespace_client) StdoutLine: {'line': b'-- Found rosidl_generator_c: 3.1.6 (/opt/ros/humble/share/rosidl_generator_c/cmake)\n'}
[5.809302] (phasespace_client) StdoutLine: {'line': b'-- Found rosidl_adapter: 3.1.6 (/opt/ros/humble/share/rosidl_adapter/cmake)\n'}
[5.814084] (phasespace_client) StdoutLine: {'line': b'-- Found rosidl_generator_cpp: 3.1.6 (/opt/ros/humble/share/rosidl_generator_cpp/cmake)\n'}
[5.815025] (-) TimerEvent: {}
[5.821328] (phasespace_client) StdoutLine: {'line': b'-- Using all available rosidl_typesupport_c: rosidl_typesupport_fastrtps_c;rosidl_typesupport_introspection_c\n'}
[5.831362] (phasespace_client) StdoutLine: {'line': b'-- Using all available rosidl_typesupport_cpp: rosidl_typesupport_fastrtps_cpp;rosidl_typesupport_introspection_cpp\n'}
[5.857743] (phasespace_client) StdoutLine: {'line': b'-- Found rmw_implementation_cmake: 6.1.2 (/opt/ros/humble/share/rmw_implementation_cmake/cmake)\n'}
[5.859137] (phasespace_client) StdoutLine: {'line': b'-- Found rmw_fastrtps_cpp: 6.2.7 (/opt/ros/humble/share/rmw_fastrtps_cpp/cmake)\n'}
[5.915248] (-) TimerEvent: {}
[5.931774] (phasespace_client) StdoutLine: {'line': b'-- Found OpenSSL: /usr/lib/x86_64-linux-gnu/libcrypto.so (found version "3.0.2")  \n'}
[5.954400] (phasespace_client) StdoutLine: {'line': b'-- Found FastRTPS: /opt/ros/humble/include  \n'}
[5.982809] (phasespace_client) StdoutLine: {'line': b"-- Using RMW implementation 'rmw_fastrtps_cpp' as default\n"}
[5.987848] (phasespace_client) StdoutLine: {'line': b'-- Looking for pthread.h\n'}
[6.015347] (-) TimerEvent: {}
[6.067476] (phasespace_client) StdoutLine: {'line': b'-- Looking for pthread.h - found\n'}
[6.067761] (phasespace_client) StdoutLine: {'line': b'-- Performing Test CMAKE_HAVE_LIBC_PTHREAD\n'}
[6.115460] (-) TimerEvent: {}
[6.145495] (phasespace_client) StdoutLine: {'line': b'-- Performing Test CMAKE_HAVE_LIBC_PTHREAD - Success\n'}
[6.146250] (phasespace_client) StdoutLine: {'line': b'-- Found Threads: TRUE  \n'}
[6.182417] (phasespace_client) StdoutLine: {'line': b'-- Found phasespace_msgs: 0.0.0 (/home/lingfan/ros2_ws/install/phasespace_msgs/share/phasespace_msgs/cmake)\n'}
[6.215532] (-) TimerEvent: {}
[6.235459] (phasespace_client) StdoutLine: {'line': b'-- Configuring done\n'}
[6.244721] (phasespace_client) StdoutLine: {'line': b'-- Generating done\n'}
[6.248110] (phasespace_client) StdoutLine: {'line': b'-- Build files have been written to: /home/lingfan/ros2_ws/build/phasespace_client\n'}
[6.253978] (phasespace_client) CommandEnded: {'returncode': 0}
[6.254995] (phasespace_client) JobProgress: {'identifier': 'phasespace_client', 'progress': 'build'}
[6.255014] (phasespace_client) Command: {'cmd': ['/usr/bin/cmake', '--build', '/home/lingfan/ros2_ws/build/phasespace_client', '--', '-j16', '-l16'], 'cwd': '/home/lingfan/ros2_ws/build/phasespace_client', 'env': OrderedDict([('LESSOPEN', '| /usr/bin/lesspipe %s'), ('LANGUAGE', 'en_GB:en'), ('USER', 'lingfan'), ('XDG_SESSION_TYPE', 'x11'), ('SHLVL', '1'), ('LD_LIBRARY_PATH', '/home/lingfan/ros2_ws/install/phasespace_msgs/lib:/opt/ros/humble/opt/rviz_ogre_vendor/lib:/opt/ros/humble/lib/x86_64-linux-gnu:/opt/ros/humble/lib'), ('HOME', '/home/lingfan'), ('OLDPWD', '/home/lingfan/ros2_ws'), ('DESKTOP_SESSION', 'ubuntu'), ('ROS_PYTHON_VERSION', '3'), ('GNOME_SHELL_SESSION_MODE', 'ubuntu'), ('GTK_MODULES', 'gail:atk-bridge'), ('SYSTEMD_EXEC_PID', '4529'), ('DBUS_SESSION_BUS_ADDRESS', 'unix:path=/run/user/1002/bus'), ('COLORTERM', 'truecolor'), ('COLCON_PREFIX_PATH', '/home/lingfan/ros2_ws/install'), ('ROS_DISTRO', 'humble'), ('GTK_IM_MODULE', 'ibus'), ('LOGNAME', 'lingfan'), ('_', '/usr/bin/colcon'), ('ROS_VERSION', '2'), ('XDG_SESSION_CLASS', 'user'), ('USERNAME', 'lingfan'), ('TERM', 'xterm-256color'), ('GNOME_DESKTOP_SESSION_ID', 'this-is-deprecated'), ('ROS_LOCALHOST_ONLY', '0'), ('WINDOWPATH', '3'), ('PATH', '/opt/ros/humble/bin:/usr/local/sbin:/usr/local/bin:/usr/sbin:/usr/bin:/sbin:/bin:/usr/games:/usr/local/games:/snap/bin:/snap/bin'), ('SESSION_MANAGER', 'local/texas:@/tmp/.ICE-unix/4507,unix/texas:/tmp/.ICE-unix/4507'), ('XDG_MENU_PREFIX', 'gnome-'), ('GNOME_TERMINAL_SCREEN', '/org/gnome/Terminal/screen/414c2ff0_d99c_473a_a995_8b9d5fea2348'), ('XDG_RUNTIME_DIR', '/run/user/1002'), ('DISPLAY', ':2'), ('LANG', 'en_GB.UTF-8'), ('XDG_CURRENT_DESKTOP', 'ubuntu:GNOME'), ('XMODIFIERS', '@im=ibus'), ('XDG_SESSION_DESKTOP', 'ubuntu'), ('XAUTHORITY', '/run/user/1002/gdm/Xauthority'), ('LS_COLORS', 'rs=0:di=01;34:ln=01;36:mh=00:pi=40;33:so=01;35:do=01;35:bd=40;33;01:cd=40;33;01:or=40;31;01:mi=00:su=37;41:sg=30;43:ca=30;41:tw=30;42:ow=34;42:st=37;44:ex=01;32:*.tar=01;31:*.tgz=01;31:*.arc=01;31:*.arj=01;31:*.taz=01;31:*.lha=01;31:*.lz4=01;31:*.lzh=01;31:*.lzma=01;31:*.tlz=01;31:*.txz=01;31:*.tzo=01;31:*.t7z=01;31:*.zip=01;31:*.z=01;31:*.dz=01;31:*.gz=01;31:*.lrz=01;31:*.lz=01;31:*.lzo=01;31:*.xz=01;31:*.zst=01;31:*.tzst=01;31:*.bz2=01;31:*.bz=01;31:*.tbz=01;31:*.tbz2=01;31:*.tz=01;31:*.deb=01;31:*.rpm=01;31:*.jar=01;31:*.war=01;31:*.ear=01;31:*.sar=01;31:*.rar=01;31:*.alz=01;31:*.ace=01;31:*.zoo=01;31:*.cpio=01;31:*.7z=01;31:*.rz=01;31:*.cab=01;31:*.wim=01;31:*.swm=01;31:*.dwm=01;31:*.esd=01;31:*.jpg=01;35:*.jpeg=01;35:*.mjpg=01;35:*.mjpeg=01;35:*.gif=01;35:*.bmp=01;35:*.pbm=01;35:*.pgm=01;35:*.ppm=01;35:*.tga=01;35:*.xbm=01;35:*.xpm=01;35:*.tif=01;35:*.tiff=01;35:*.png=01;35:*.svg=01;35:*.svgz=01;35:*.mng=01;35:*.pcx=01;35:*.mov=01;35:*.mpg=01;35:*.mpeg=01;35:*.m2v=01;35:*.mkv=01;35:*.webm=01;35:*.webp=01;35:*.ogm=01;35:*.mp4=01;35:*.m4v=01;35:*.mp4v=01;35:*.vob=01;35:*.qt=01;35:*.nuv=01;35:*.wmv=01;35:*.asf=01;35:*.rm=01;35:*.rmvb=01;35:*.flc=01;35:*.avi=01;35:*.fli=01;35:*.flv=01;35:*.gl=01;35:*.dl=01;35:*.xcf=01;35:*.xwd=01;35:*.yuv=01;35:*.cgm=01;35:*.emf=01;35:*.ogv=01;35:*.ogx=01;35:*.aac=00;36:*.au=00;36:*.flac=00;36:*.m4a=00;36:*.mid=00;36:*.midi=00;36:*.mka=00;36:*.mp3=00;36:*.mpc=00;36:*.ogg=00;36:*.ra=00;36:*.wav=00;36:*.oga=00;36:*.opus=00;36:*.spx=00;36:*.xspf=00;36:'), ('GNOME_TERMINAL_SERVICE', ':1.156'), ('SSH_AGENT_LAUNCHER', 'gnome-keyring'), ('SSH_AUTH_SOCK', '/run/user/1002/keyring/ssh'), ('AMENT_PREFIX_PATH', '/home/lingfan/ros2_ws/install/phasespace_client:/home/lingfan/ros2_ws/install/phasespace_msgs:/opt/ros/humble'), ('SHELL', '/bin/bash'), ('QT_ACCESSIBILITY', '1'), ('GDMSESSION', 'ubuntu'), ('LESSCLOSE', '/usr/bin/lesspipe %s %s'), ('GPG_AGENT_INFO', '/run/user/1002/gnupg/S.gpg-agent:0:1'), ('QT_IM_MODULE', 'ibus'), ('PWD', '/home/lingfan/ros2_ws/build/phasespace_client'), ('XDG_CONFIG_DIRS', '/etc/xdg/xdg-ubuntu:/etc/xdg'), ('XDG_DATA_DIRS', '/usr/share/ubuntu:/usr/share/gnome:/usr/local/share/:/usr/share/:/var/lib/snapd/desktop'), ('PYTHONPATH', '/home/lingfan/ros2_ws/install/phasespace_msgs/local/lib/python3.10/dist-packages:/opt/ros/humble/lib/python3.10/site-packages:/opt/ros/humble/local/lib/python3.10/dist-packages'), ('COLCON', '1'), ('VTE_VERSION', '6800'), ('CMAKE_PREFIX_PATH', '/home/lingfan/ros2_ws/install/phasespace_msgs:/home/lingfan/ros2_ws/install/phasespace_client:/opt/ros/humble')]), 'shell': False}
[6.293355] (phasespace_client) StdoutLine: {'line': b'[ 16%] \x1b[32mBuilding CXX object CMakeFiles/phasespace_client.dir/src/psnode.cpp.o\x1b[0m\n'}
[6.295709] (phasespace_client) StdoutLine: {'line': b'[ 33%] \x1b[32mBuilding CXX object CMakeFiles/listener.dir/src/listener.cpp.o\x1b[0m\n'}
[6.315715] (-) TimerEvent: {}
[6.415941] (-) TimerEvent: {}
[6.516194] (-) TimerEvent: {}
[6.616484] (-) TimerEvent: {}
[6.716791] (-) TimerEvent: {}
[6.817027] (-) TimerEvent: {}
[6.917306] (-) TimerEvent: {}
[7.017667] (-) TimerEvent: {}
[7.118000] (-) TimerEvent: {}
[7.218345] (-) TimerEvent: {}
[7.318681] (-) TimerEvent: {}
[7.419105] (-) TimerEvent: {}
[7.519342] (-) TimerEvent: {}
[7.619631] (-) TimerEvent: {}
[7.719978] (-) TimerEvent: {}
[7.742710] (phasespace_client) StderrLine: {'line': b'In file included from \x1b[01m\x1b[K/home/lingfan/ros2_ws/src/phasespace_ros_node-main/phasespace_client/src/psnode.cpp:11\x1b[m\x1b[K:\n'}
[7.742896] (phasespace_client) StderrLine: {'line': b'\x1b[01m\x1b[K/home/lingfan/ros2_ws/src/phasespace_ros_node-main/phasespace_client/include/RSJparser.tcc:\x1b[m\x1b[K In function \xe2\x80\x98\x1b[01m\x1b[Kint seek_next(std::string*, int, char)\x1b[m\x1b[K\xe2\x80\x99:\n'}
[7.742939] (phasespace_client) StderrLine: {'line': b'\x1b[01m\x1b[K/home/lingfan/ros2_ws/src/phasespace_ros_node-main/phasespace_client/include/RSJparser.tcc:514:1:\x1b[m\x1b[K \x1b[01;35m\x1b[Kwarning: \x1b[m\x1b[Kno return statement in function returning non-void [\x1b[01;35m\x1b[K\x1b]8;;https://gcc.gnu.org/onlinedocs/gcc/Warning-Options.html#index-Wreturn-type\x07-Wreturn-type\x1b]8;;\x07\x1b[m\x1b[K]\n'}
[7.742976] (phasespace_client) StderrLine: {'line': b'  514 | \x1b[01;35m\x1b[K}\x1b[m\x1b[K\n'}
[7.743005] (phasespace_client) StderrLine: {'line': b'      | \x1b[01;35m\x1b[K^\x1b[m\x1b[K\n'}
[7.774015] (phasespace_client) StderrLine: {'line': b'In file included from \x1b[01m\x1b[K/opt/ros/humble/include/rclcpp/rclcpp/logging.hpp:24\x1b[m\x1b[K,\n'}
[7.774152] (phasespace_client) StderrLine: {'line': b'                 from \x1b[01m\x1b[K/opt/ros/humble/include/rclcpp/rclcpp/client.hpp:40\x1b[m\x1b[K,\n'}
[7.774191] (phasespace_client) StderrLine: {'line': b'                 from \x1b[01m\x1b[K/opt/ros/humble/include/rclcpp/rclcpp/callback_group.hpp:24\x1b[m\x1b[K,\n'}
[7.774223] (phasespace_client) StderrLine: {'line': b'                 from \x1b[01m\x1b[K/opt/ros/humble/include/rclcpp/rclcpp/any_executable.hpp:20\x1b[m\x1b[K,\n'}
[7.774253] (phasespace_client) StderrLine: {'line': b'                 from \x1b[01m\x1b[K/opt/ros/humble/include/rclcpp/rclcpp/memory_strategy.hpp:25\x1b[m\x1b[K,\n'}
[7.774284] (phasespace_client) StderrLine: {'line': b'                 from \x1b[01m\x1b[K/opt/ros/humble/include/rclcpp/rclcpp/memory_strategies.hpp:18\x1b[m\x1b[K,\n'}
[7.774323] (phasespace_client) StderrLine: {'line': b'                 from \x1b[01m\x1b[K/opt/ros/humble/include/rclcpp/rclcpp/executor_options.hpp:20\x1b[m\x1b[K,\n'}
[7.774351] (phasespace_client) StderrLine: {'line': b'                 from \x1b[01m\x1b[K/opt/ros/humble/include/rclcpp/rclcpp/executor.hpp:37\x1b[m\x1b[K,\n'}
[7.774379] (phasespace_client) StderrLine: {'line': b'                 from \x1b[01m\x1b[K/opt/ros/humble/include/rclcpp/rclcpp/executors/multi_threaded_executor.hpp:25\x1b[m\x1b[K,\n'}
[7.774409] (phasespace_client) StderrLine: {'line': b'                 from \x1b[01m\x1b[K/opt/ros/humble/include/rclcpp/rclcpp/executors.hpp:21\x1b[m\x1b[K,\n'}
[7.774437] (phasespace_client) StderrLine: {'line': b'                 from \x1b[01m\x1b[K/opt/ros/humble/include/rclcpp/rclcpp/rclcpp.hpp:155\x1b[m\x1b[K,\n'}
[7.774465] (phasespace_client) StderrLine: {'line': b'                 from \x1b[01m\x1b[K/home/lingfan/ros2_ws/src/phasespace_ros_node-main/phasespace_client/src/listener.cpp:2\x1b[m\x1b[K:\n'}
[7.774494] (phasespace_client) StderrLine: {'line': b'\x1b[01m\x1b[K/home/lingfan/ros2_ws/src/phasespace_ros_node-main/phasespace_client/src/listener.cpp:\x1b[m\x1b[K In member function \xe2\x80\x98\x1b[01m\x1b[Kvoid ListenerNode::markerCallback(phasespace_msgs::msg::Markers_<std::allocator<void> >::SharedPtr)\x1b[m\x1b[K\xe2\x80\x99:\n'}
[7.774536] (phasespace_client) StderrLine: {'line': b'\x1b[01m\x1b[K/home/lingfan/ros2_ws/src/phasespace_ros_node-main/phasespace_client/src/listener.cpp:47:9:\x1b[m\x1b[K \x1b[01;35m\x1b[Kwarning: \x1b[m\x1b[Kformat \xe2\x80\x98\x1b[01m\x1b[K%f\x1b[m\x1b[K\xe2\x80\x99 expects argument of type \xe2\x80\x98\x1b[01m\x1b[Kdouble\x1b[m\x1b[K\xe2\x80\x99, but argument 5 has type \xe2\x80\x98\x1b[01m\x1b[Kphasespace_msgs::msg::Marker_<std::allocator<void> >::_time_type\x1b[m\x1b[K\xe2\x80\x99 {aka \xe2\x80\x98\x1b[01m\x1b[Klong unsigned int\x1b[m\x1b[K\xe2\x80\x99} [\x1b[01;35m\x1b[K\x1b]8;;https://gcc.gnu.org/onlinedocs/gcc/Warning-Options.html#index-Wformat=\x07-Wformat=\x1b]8;;\x07\x1b[m\x1b[K]\n'}
[7.774569] (phasespace_client) StderrLine: {'line': b'   47 |         \x1b[01;35m\x1b[K"t=%f id=%d [%f %f %f] cond=%f"\x1b[m\x1b[K,\n'}
[7.774601] (phasespace_client) StderrLine: {'line': b'      |         \x1b[01;35m\x1b[K^~~~~~~~~~~~~~~~~~~~~~~~~~~~~~~\x1b[m\x1b[K\n'}
[7.774629] (phasespace_client) StderrLine: {'line': b'\x1b[01m\x1b[K/home/lingfan/ros2_ws/src/phasespace_ros_node-main/phasespace_client/src/listener.cpp:47:13:\x1b[m\x1b[K \x1b[01;36m\x1b[Knote: \x1b[m\x1b[Kformat string is defined here\n'}
[7.774659] (phasespace_client) StderrLine: {'line': b'   47 |         "t=\x1b[01;36m\x1b[K%f\x1b[m\x1b[K id=%d [%f %f %f] cond=%f",\n'}
[7.774687] (phasespace_client) StderrLine: {'line': b'      |            \x1b[01;36m\x1b[K~^\x1b[m\x1b[K\n'}
[7.774715] (phasespace_client) StderrLine: {'line': b'      |             \x1b[01;36m\x1b[K|\x1b[m\x1b[K\n'}
[7.774742] (phasespace_client) StderrLine: {'line': b'      |             \x1b[01;36m\x1b[Kdouble\x1b[m\x1b[K\n'}
[7.774770] (phasespace_client) StderrLine: {'line': b'      |            \x1b[32m\x1b[K%ld\x1b[m\x1b[K\n'}
[7.820168] (-) TimerEvent: {}
[7.920442] (-) TimerEvent: {}
[8.020672] (-) TimerEvent: {}
[8.121006] (-) TimerEvent: {}
[8.221340] (-) TimerEvent: {}
[8.321576] (-) TimerEvent: {}
[8.421908] (-) TimerEvent: {}
[8.522252] (-) TimerEvent: {}
[8.570951] (phasespace_client) StderrLine: {'line': b'In file included from \x1b[01m\x1b[K/home/lingfan/ros2_ws/src/phasespace_ros_node-main/phasespace_client/src/psnode.cpp:11\x1b[m\x1b[K:\n'}
[8.571151] (phasespace_client) StderrLine: {'line': b'\x1b[01m\x1b[K/home/lingfan/ros2_ws/src/phasespace_ros_node-main/phasespace_client/include/RSJparser.tcc:\x1b[m\x1b[K In function \xe2\x80\x98\x1b[01m\x1b[Kstd::string to_string(RSJresourceType)\x1b[m\x1b[K\xe2\x80\x99:\n'}
[8.571246] (phasespace_client) StderrLine: {'line': b'\x1b[01m\x1b[K/home/lingfan/ros2_ws/src/phasespace_ros_node-main/phasespace_client/include/RSJparser.tcc:65:1:\x1b[m\x1b[K \x1b[01;35m\x1b[Kwarning: \x1b[m\x1b[Kcontrol reaches end of non-void function [\x1b[01;35m\x1b[K\x1b]8;;https://gcc.gnu.org/onlinedocs/gcc/Warning-Options.html#index-Wreturn-type\x07-Wreturn-type\x1b]8;;\x07\x1b[m\x1b[K]\n'}
[8.571361] (phasespace_client) StderrLine: {'line': b'   65 | \x1b[01;35m\x1b[K}\x1b[m\x1b[K\n'}
[8.571587] (phasespace_client) StderrLine: {'line': b'      | \x1b[01;35m\x1b[K^\x1b[m\x1b[K\n'}
[8.622447] (-) TimerEvent: {}
[8.722680] (-) TimerEvent: {}
[8.823015] (-) TimerEvent: {}
[8.923361] (-) TimerEvent: {}
[9.023585] (-) TimerEvent: {}
[9.123844] (-) TimerEvent: {}
[9.224166] (-) TimerEvent: {}
[9.324434] (-) TimerEvent: {}
[9.424659] (-) TimerEvent: {}
[9.524987] (-) TimerEvent: {}
[9.625329] (-) TimerEvent: {}
[9.725555] (-) TimerEvent: {}
[9.825810] (-) TimerEvent: {}
[9.926126] (-) TimerEvent: {}
[10.026448] (-) TimerEvent: {}
[10.126676] (-) TimerEvent: {}
[10.227067] (-) TimerEvent: {}
[10.327392] (-) TimerEvent: {}
[10.427610] (-) TimerEvent: {}
[10.527859] (-) TimerEvent: {}
[10.628174] (-) TimerEvent: {}
[10.728449] (-) TimerEvent: {}
[10.828665] (-) TimerEvent: {}
[10.928977] (-) TimerEvent: {}
[11.029310] (-) TimerEvent: {}
[11.129619] (-) TimerEvent: {}
[11.229880] (-) TimerEvent: {}
[11.330226] (-) TimerEvent: {}
[11.430561] (-) TimerEvent: {}
[11.530815] (-) TimerEvent: {}
[11.631140] (-) TimerEvent: {}
[11.731442] (-) TimerEvent: {}
[11.831662] (-) TimerEvent: {}
[11.932001] (-) TimerEvent: {}
[12.032327] (-) TimerEvent: {}
[12.132653] (-) TimerEvent: {}
[12.232976] (-) TimerEvent: {}
[12.262745] (phasespace_client) StdoutLine: {'line': b'[ 50%] \x1b[32m\x1b[1mLinking CXX static library libphasespace_client.a\x1b[0m\n'}
[12.294929] (phasespace_client) StdoutLine: {'line': b'[ 50%] Built target phasespace_client\n'}
[12.314076] (phasespace_client) StdoutLine: {'line': b'[ 66%] \x1b[32mBuilding CXX object CMakeFiles/phasespace_client_node.dir/src/psnode.cpp.o\x1b[0m\n'}
[12.333154] (-) TimerEvent: {}
[12.433430] (-) TimerEvent: {}
[12.533647] (-) TimerEvent: {}
[12.633968] (-) TimerEvent: {}
[12.715678] (phasespace_client) StdoutLine: {'line': b'[ 83%] \x1b[32m\x1b[1mLinking CXX executable listener\x1b[0m\n'}
[12.734160] (-) TimerEvent: {}
[12.812093] (phasespace_client) StdoutLine: {'line': b'[ 83%] Built target listener\n'}
[12.834348] (-) TimerEvent: {}
[12.934656] (-) TimerEvent: {}
[13.035006] (-) TimerEvent: {}
[13.135373] (-) TimerEvent: {}
[13.235718] (-) TimerEvent: {}
[13.336050] (-) TimerEvent: {}
[13.436385] (-) TimerEvent: {}
[13.536727] (-) TimerEvent: {}
[13.637070] (-) TimerEvent: {}
[13.689475] (phasespace_client) StderrLine: {'line': b'In file included from \x1b[01m\x1b[K/home/lingfan/ros2_ws/src/phasespace_ros_node-main/phasespace_client/src/psnode.cpp:11\x1b[m\x1b[K:\n'}
[13.689615] (phasespace_client) StderrLine: {'line': b'\x1b[01m\x1b[K/home/lingfan/ros2_ws/src/phasespace_ros_node-main/phasespace_client/include/RSJparser.tcc:\x1b[m\x1b[K In function \xe2\x80\x98\x1b[01m\x1b[Kint seek_next(std::string*, int, char)\x1b[m\x1b[K\xe2\x80\x99:\n'}
[13.689669] (phasespace_client) StderrLine: {'line': b'\x1b[01m\x1b[K/home/lingfan/ros2_ws/src/phasespace_ros_node-main/phasespace_client/include/RSJparser.tcc:514:1:\x1b[m\x1b[K \x1b[01;35m\x1b[Kwarning: \x1b[m\x1b[Kno return statement in function returning non-void [\x1b[01;35m\x1b[K\x1b]8;;https://gcc.gnu.org/onlinedocs/gcc/Warning-Options.html#index-Wreturn-type\x07-Wreturn-type\x1b]8;;\x07\x1b[m\x1b[K]\n'}
[13.689709] (phasespace_client) StderrLine: {'line': b'  514 | \x1b[01;35m\x1b[K}\x1b[m\x1b[K\n'}
[13.689740] (phasespace_client) StderrLine: {'line': b'      | \x1b[01;35m\x1b[K^\x1b[m\x1b[K\n'}
[13.737269] (-) TimerEvent: {}
[13.837607] (-) TimerEvent: {}
[13.937971] (-) TimerEvent: {}
[14.038337] (-) TimerEvent: {}
[14.138658] (-) TimerEvent: {}
[14.238977] (-) TimerEvent: {}
[14.339420] (-) TimerEvent: {}
[14.439638] (-) TimerEvent: {}
[14.525392] (phasespace_client) StderrLine: {'line': b'In file included from \x1b[01m\x1b[K/home/lingfan/ros2_ws/src/phasespace_ros_node-main/phasespace_client/src/psnode.cpp:11\x1b[m\x1b[K:\n'}
[14.525517] (phasespace_client) StderrLine: {'line': b'\x1b[01m\x1b[K/home/lingfan/ros2_ws/src/phasespace_ros_node-main/phasespace_client/include/RSJparser.tcc:\x1b[m\x1b[K In function \xe2\x80\x98\x1b[01m\x1b[Kstd::string to_string(RSJresourceType)\x1b[m\x1b[K\xe2\x80\x99:\n'}
[14.525552] (phasespace_client) StderrLine: {'line': b'\x1b[01m\x1b[K/home/lingfan/ros2_ws/src/phasespace_ros_node-main/phasespace_client/include/RSJparser.tcc:65:1:\x1b[m\x1b[K \x1b[01;35m\x1b[Kwarning: \x1b[m\x1b[Kcontrol reaches end of non-void function [\x1b[01;35m\x1b[K\x1b]8;;https://gcc.gnu.org/onlinedocs/gcc/Warning-Options.html#index-Wreturn-type\x07-Wreturn-type\x1b]8;;\x07\x1b[m\x1b[K]\n'}
[14.525584] (phasespace_client) StderrLine: {'line': b'   65 | \x1b[01;35m\x1b[K}\x1b[m\x1b[K\n'}
[14.525612] (phasespace_client) StderrLine: {'line': b'      | \x1b[01;35m\x1b[K^\x1b[m\x1b[K\n'}
[14.539753] (-) TimerEvent: {}
[14.640002] (-) TimerEvent: {}
[14.740221] (-) TimerEvent: {}
[14.840447] (-) TimerEvent: {}
[14.940690] (-) TimerEvent: {}
[15.041001] (-) TimerEvent: {}
[15.141322] (-) TimerEvent: {}
[15.241538] (-) TimerEvent: {}
[15.341794] (-) TimerEvent: {}
[15.442120] (-) TimerEvent: {}
[15.542440] (-) TimerEvent: {}
[15.642665] (-) TimerEvent: {}
[15.742983] (-) TimerEvent: {}
[15.843323] (-) TimerEvent: {}
[15.943558] (-) TimerEvent: {}
[16.043809] (-) TimerEvent: {}
[16.144125] (-) TimerEvent: {}
[16.244432] (-) TimerEvent: {}
[16.344648] (-) TimerEvent: {}
[16.444906] (-) TimerEvent: {}
[16.545254] (-) TimerEvent: {}
[16.645496] (-) TimerEvent: {}
[16.745775] (-) TimerEvent: {}
[16.846099] (-) TimerEvent: {}
[16.946453] (-) TimerEvent: {}
[17.046694] (-) TimerEvent: {}
[17.146946] (-) TimerEvent: {}
[17.247267] (-) TimerEvent: {}
[17.347535] (-) TimerEvent: {}
[17.447777] (-) TimerEvent: {}
[17.548046] (-) TimerEvent: {}
[17.648429] (-) TimerEvent: {}
[17.748695] (-) TimerEvent: {}
[17.849075] (-) TimerEvent: {}
[17.949445] (-) TimerEvent: {}
[18.049678] (-) TimerEvent: {}
[18.150031] (-) TimerEvent: {}
[18.227234] (phasespace_client) StdoutLine: {'line': b'[100%] \x1b[32m\x1b[1mLinking CXX executable phasespace_client_node\x1b[0m\n'}
[18.250211] (-) TimerEvent: {}
[18.329953] (phasespace_client) StdoutLine: {'line': b'[100%] Built target phasespace_client_node\n'}
[18.341509] (phasespace_client) CommandEnded: {'returncode': 0}
[18.341778] (phasespace_client) JobProgress: {'identifier': 'phasespace_client', 'progress': 'install'}
[18.341799] (phasespace_client) Command: {'cmd': ['/usr/bin/cmake', '--install', '/home/lingfan/ros2_ws/build/phasespace_client'], 'cwd': '/home/lingfan/ros2_ws/build/phasespace_client', 'env': OrderedDict([('LESSOPEN', '| /usr/bin/lesspipe %s'), ('LANGUAGE', 'en_GB:en'), ('USER', 'lingfan'), ('XDG_SESSION_TYPE', 'x11'), ('SHLVL', '1'), ('LD_LIBRARY_PATH', '/home/lingfan/ros2_ws/install/phasespace_msgs/lib:/opt/ros/humble/opt/rviz_ogre_vendor/lib:/opt/ros/humble/lib/x86_64-linux-gnu:/opt/ros/humble/lib'), ('HOME', '/home/lingfan'), ('OLDPWD', '/home/lingfan/ros2_ws'), ('DESKTOP_SESSION', 'ubuntu'), ('ROS_PYTHON_VERSION', '3'), ('GNOME_SHELL_SESSION_MODE', 'ubuntu'), ('GTK_MODULES', 'gail:atk-bridge'), ('SYSTEMD_EXEC_PID', '4529'), ('DBUS_SESSION_BUS_ADDRESS', 'unix:path=/run/user/1002/bus'), ('COLORTERM', 'truecolor'), ('COLCON_PREFIX_PATH', '/home/lingfan/ros2_ws/install'), ('ROS_DISTRO', 'humble'), ('GTK_IM_MODULE', 'ibus'), ('LOGNAME', 'lingfan'), ('_', '/usr/bin/colcon'), ('ROS_VERSION', '2'), ('XDG_SESSION_CLASS', 'user'), ('USERNAME', 'lingfan'), ('TERM', 'xterm-256color'), ('GNOME_DESKTOP_SESSION_ID', 'this-is-deprecated'), ('ROS_LOCALHOST_ONLY', '0'), ('WINDOWPATH', '3'), ('PATH', '/opt/ros/humble/bin:/usr/local/sbin:/usr/local/bin:/usr/sbin:/usr/bin:/sbin:/bin:/usr/games:/usr/local/games:/snap/bin:/snap/bin'), ('SESSION_MANAGER', 'local/texas:@/tmp/.ICE-unix/4507,unix/texas:/tmp/.ICE-unix/4507'), ('XDG_MENU_PREFIX', 'gnome-'), ('GNOME_TERMINAL_SCREEN', '/org/gnome/Terminal/screen/414c2ff0_d99c_473a_a995_8b9d5fea2348'), ('XDG_RUNTIME_DIR', '/run/user/1002'), ('DISPLAY', ':2'), ('LANG', 'en_GB.UTF-8'), ('XDG_CURRENT_DESKTOP', 'ubuntu:GNOME'), ('XMODIFIERS', '@im=ibus'), ('XDG_SESSION_DESKTOP', 'ubuntu'), ('XAUTHORITY', '/run/user/1002/gdm/Xauthority'), ('LS_COLORS', 'rs=0:di=01;34:ln=01;36:mh=00:pi=40;33:so=01;35:do=01;35:bd=40;33;01:cd=40;33;01:or=40;31;01:mi=00:su=37;41:sg=30;43:ca=30;41:tw=30;42:ow=34;42:st=37;44:ex=01;32:*.tar=01;31:*.tgz=01;31:*.arc=01;31:*.arj=01;31:*.taz=01;31:*.lha=01;31:*.lz4=01;31:*.lzh=01;31:*.lzma=01;31:*.tlz=01;31:*.txz=01;31:*.tzo=01;31:*.t7z=01;31:*.zip=01;31:*.z=01;31:*.dz=01;31:*.gz=01;31:*.lrz=01;31:*.lz=01;31:*.lzo=01;31:*.xz=01;31:*.zst=01;31:*.tzst=01;31:*.bz2=01;31:*.bz=01;31:*.tbz=01;31:*.tbz2=01;31:*.tz=01;31:*.deb=01;31:*.rpm=01;31:*.jar=01;31:*.war=01;31:*.ear=01;31:*.sar=01;31:*.rar=01;31:*.alz=01;31:*.ace=01;31:*.zoo=01;31:*.cpio=01;31:*.7z=01;31:*.rz=01;31:*.cab=01;31:*.wim=01;31:*.swm=01;31:*.dwm=01;31:*.esd=01;31:*.jpg=01;35:*.jpeg=01;35:*.mjpg=01;35:*.mjpeg=01;35:*.gif=01;35:*.bmp=01;35:*.pbm=01;35:*.pgm=01;35:*.ppm=01;35:*.tga=01;35:*.xbm=01;35:*.xpm=01;35:*.tif=01;35:*.tiff=01;35:*.png=01;35:*.svg=01;35:*.svgz=01;35:*.mng=01;35:*.pcx=01;35:*.mov=01;35:*.mpg=01;35:*.mpeg=01;35:*.m2v=01;35:*.mkv=01;35:*.webm=01;35:*.webp=01;35:*.ogm=01;35:*.mp4=01;35:*.m4v=01;35:*.mp4v=01;35:*.vob=01;35:*.qt=01;35:*.nuv=01;35:*.wmv=01;35:*.asf=01;35:*.rm=01;35:*.rmvb=01;35:*.flc=01;35:*.avi=01;35:*.fli=01;35:*.flv=01;35:*.gl=01;35:*.dl=01;35:*.xcf=01;35:*.xwd=01;35:*.yuv=01;35:*.cgm=01;35:*.emf=01;35:*.ogv=01;35:*.ogx=01;35:*.aac=00;36:*.au=00;36:*.flac=00;36:*.m4a=00;36:*.mid=00;36:*.midi=00;36:*.mka=00;36:*.mp3=00;36:*.mpc=00;36:*.ogg=00;36:*.ra=00;36:*.wav=00;36:*.oga=00;36:*.opus=00;36:*.spx=00;36:*.xspf=00;36:'), ('GNOME_TERMINAL_SERVICE', ':1.156'), ('SSH_AGENT_LAUNCHER', 'gnome-keyring'), ('SSH_AUTH_SOCK', '/run/user/1002/keyring/ssh'), ('AMENT_PREFIX_PATH', '/home/lingfan/ros2_ws/install/phasespace_client:/home/lingfan/ros2_ws/install/phasespace_msgs:/opt/ros/humble'), ('SHELL', '/bin/bash'), ('QT_ACCESSIBILITY', '1'), ('GDMSESSION', 'ubuntu'), ('LESSCLOSE', '/usr/bin/lesspipe %s %s'), ('GPG_AGENT_INFO', '/run/user/1002/gnupg/S.gpg-agent:0:1'), ('QT_IM_MODULE', 'ibus'), ('PWD', '/home/lingfan/ros2_ws/build/phasespace_client'), ('XDG_CONFIG_DIRS', '/etc/xdg/xdg-ubuntu:/etc/xdg'), ('XDG_DATA_DIRS', '/usr/share/ubuntu:/usr/share/gnome:/usr/local/share/:/usr/share/:/var/lib/snapd/desktop'), ('PYTHONPATH', '/home/lingfan/ros2_ws/install/phasespace_msgs/local/lib/python3.10/dist-packages:/opt/ros/humble/lib/python3.10/site-packages:/opt/ros/humble/local/lib/python3.10/dist-packages'), ('COLCON', '1'), ('VTE_VERSION', '6800'), ('CMAKE_PREFIX_PATH', '/home/lingfan/ros2_ws/install/phasespace_msgs:/home/lingfan/ros2_ws/install/phasespace_client:/opt/ros/humble')]), 'shell': False}
[18.347063] (phasespace_client) StdoutLine: {'line': b'-- Install configuration: "Release"\n'}
[18.347601] (phasespace_client) StdoutLine: {'line': b'-- Execute custom install script\n'}
[18.347945] (phasespace_client) StdoutLine: {'line': b'-- Symlinking: /home/lingfan/ros2_ws/install/phasespace_client/lib/phasespace_client/listener\n'}
[18.350406] (-) TimerEvent: {}
[18.359170] (phasespace_client) StdoutLine: {'line': b'-- Symlinking: /home/lingfan/ros2_ws/install/phasespace_client/lib/phasespace_client/phasespace_client_node\n'}
[18.370831] (phasespace_client) StdoutLine: {'line': b'-- Symlinking: /home/lingfan/ros2_ws/install/phasespace_client/share/phasespace_client/launch/phasespace.launch.py\n'}
[18.380784] (phasespace_client) StdoutLine: {'line': b'-- Symlinking: /home/lingfan/ros2_ws/install/phasespace_client/share/ament_index/resource_index/package_run_dependencies/phasespace_client\n'}
[18.392781] (phasespace_client) StdoutLine: {'line': b'-- Symlinking: /home/lingfan/ros2_ws/install/phasespace_client/share/ament_index/resource_index/parent_prefix_path/phasespace_client\n'}
[18.403214] (phasespace_client) StdoutLine: {'line': b'-- Symlinking: /home/lingfan/ros2_ws/install/phasespace_client/share/phasespace_client/environment/ament_prefix_path.sh\n'}
[18.413181] (phasespace_client) StdoutLine: {'line': b'-- Symlinking: /home/lingfan/ros2_ws/install/phasespace_client/share/phasespace_client/environment/ament_prefix_path.dsv\n'}
[18.424542] (phasespace_client) StdoutLine: {'line': b'-- Symlinking: /home/lingfan/ros2_ws/install/phasespace_client/share/phasespace_client/environment/path.sh\n'}
[18.433638] (phasespace_client) StdoutLine: {'line': b'-- Symlinking: /home/lingfan/ros2_ws/install/phasespace_client/share/phasespace_client/environment/path.dsv\n'}
[18.443489] (phasespace_client) StdoutLine: {'line': b'-- Symlinking: /home/lingfan/ros2_ws/install/phasespace_client/share/phasespace_client/local_setup.bash\n'}
[18.450609] (-) TimerEvent: {}
[18.452492] (phasespace_client) StdoutLine: {'line': b'-- Symlinking: /home/lingfan/ros2_ws/install/phasespace_client/share/phasespace_client/local_setup.sh\n'}
[18.462628] (phasespace_client) StdoutLine: {'line': b'-- Symlinking: /home/lingfan/ros2_ws/install/phasespace_client/share/phasespace_client/local_setup.zsh\n'}
[18.470618] (phasespace_client) StdoutLine: {'line': b'-- Symlinking: /home/lingfan/ros2_ws/install/phasespace_client/share/phasespace_client/local_setup.dsv\n'}
[18.480535] (phasespace_client) StdoutLine: {'line': b'-- Symlinking: /home/lingfan/ros2_ws/install/phasespace_client/share/phasespace_client/package.dsv\n'}
[18.487511] (phasespace_client) StdoutLine: {'line': b'-- Symlinking: /home/lingfan/ros2_ws/install/phasespace_client/share/ament_index/resource_index/packages/phasespace_client\n'}
[18.495744] (phasespace_client) StdoutLine: {'line': b'-- Symlinking: /home/lingfan/ros2_ws/install/phasespace_client/share/phasespace_client/cmake/phasespace_clientConfig.cmake\n'}
[18.501799] (phasespace_client) StdoutLine: {'line': b'-- Symlinking: /home/lingfan/ros2_ws/install/phasespace_client/share/phasespace_client/cmake/phasespace_clientConfig-version.cmake\n'}
[18.507933] (phasespace_client) StdoutLine: {'line': b'-- Symlinking: /home/lingfan/ros2_ws/install/phasespace_client/share/phasespace_client/package.xml\n'}
[18.515159] (phasespace_client) CommandEnded: {'returncode': 0}
[18.526541] (phasespace_client) JobEnded: {'identifier': 'phasespace_client', 'rc': 0}
[18.527470] (-) EventReactorShutdown: {}
